{"stats":{"minecraft:dropped":{"minecraft:wooden_axe":1,"minecraft:oak_sapling":34},"minecraft:mined":{"minecraft:crafting_table":4,"minecraft:torch":1,"minecraft:granite":2,"minecraft:grass_block":1,"minecraft:chest":1,"minecraft:rose_bush":1,"minecraft:oak_planks":3,"duneons:stoneworld":8,"minecraft:birch_log":43,"minecraft:iron_ore":21,"werewolves:wolfsbane":6,"minecraft:grass":2,"minecraft:oak_log":284,"minecraft:coal_ore":47,"minecraft:dirt":2,"minecraft:stone":44,"minecraft:oak_leaves":42,"werewolves:silver_ore":1},"minecraft:picked_up":{"minecraft:wooden_axe":1,"minecraft:birch_log":43,"minecraft:crafting_table":4,"minecraft:oak_log":271,"minecraft:dirt":3,"minecraft:apple":11,"minecraft:iron_ingot":1,"minecraft:iron_ore":21,"minecraft:rose_bush":1,"werewolves:silver_ore":1,"minecraft:chest":1,"minecraft:birch_sapling":8,"minecraft:oak_planks":35,"minecraft:stick":39,"minecraft:torch":1,"werewolves:wolfsbane":6,"vampirism:vampire_fang":1,"minecraft:arrow":2,"minecraft:granite":2,"minecraft:oak_sapling":101,"minecraft:coal":47,"minecraft:cobblestone":52},"minecraft:broken":{"minecraft:wooden_axe":1},"minecraft:killed":{"vampirism:vampire":1,"minecraft:skeleton":1},"minecraft:crafted":{"minecraft:oak_planks":1068,"minecraft:crafting_table":2,"minecraft:wooden_pickaxe":1,"minecraft:iron_helmet":1,"minecraft:furnace":3,"minecraft:birch_planks":172,"minecraft:stone_axe":1,"minecraft:air":0,"minecraft:iron_chestplate":1,"minecraft:shield":1,"minecraft:iron_axe":1,"minecraft:stick":68,"minecraft:iron_ingot":21,"minecraft:iron_pickaxe":1,"minecraft:stone_pickaxe":1,"minecraft:wooden_axe":2,"minecraft:chest":4,"minecraft:torch":36},"minecraft:used":{"minecraft:rose_bush":1,"minecraft:stone_pickaxe":102,"minecraft:oak_planks":41,"minecraft:wooden_pickaxe":7,"minecraft:chest":5,"minecraft:shield":10,"minecraft:torch":31,"minecraft:dirt":3,"minecraft:crafting_table":6,"minecraft:granite":2,"minecraft:oak_log":275,"minecraft:wooden_axe":27,"minecraft:apple":11,"minecraft:iron_axe":41,"minecraft:iron_pickaxe":4,"minecraft:stone_axe":7,"minecraft:cobblestone":24,"minecraft:furnace":3,"minecraft:birch_log":43,"minecraft:golden_pickaxe":21},"minecraft:custom":{"lootr:looted_stat":1,"minecraft:interact_with_furnace":21,"minecraft:mob_kills":2,"minecraft:interact_with_crafting_table":10,"minecraft:play_one_minute":40306,"minecraft:leave_game":1,"minecraft:time_since_death":38865,"minecraft:time_since_rest":37987,"minecraft:sprint_one_cm":122263,"minecraft:damage_taken":538,"minecraft:walk_one_cm":59615,"minecraft:damage_blocked_by_shield":405,"minecraft:drop":35,"minecraft:damage_dealt":617,"minecraft:swim_one_cm":18083,"minecraft:fly_one_cm":55495,"minecraft:open_chest":14,"minecraft:crouch_one_cm":3435,"tombstone:undead_killed":1,"minecraft:deaths":1,"minecraft:sneak_time":1761,"minecraft:walk_under_water_one_cm":1343,"minecraft:jump":507,"minecraft:walk_on_water_one_cm":5942,"minecraft:fall_one_cm":9966},"minecraft:killed_by":{"undead:themoonflower":1}},"DataVersion":2586}