{"stats":{"minecraft:used":{"minecraft:diorite":4,"minecraft:stone_pickaxe":93,"minecraft:chest":2,"minecraft:wooden_pickaxe":14,"minecraft:shield":20,"minecraft:iron_sword":122,"minecraft:dirt":9,"minecraft:apple":2,"minecraft:iron_pickaxe":199,"minecraft:stone_axe":18,"minecraft:cobblestone":98,"minecraft:cooked_porkchop":5,"minecraft:furnace":3,"minecraft:andesite":11},"minecraft:custom":{"minecraft:interact_with_furnace":28,"minecraft:mob_kills":45,"minecraft:interact_with_crafting_table":8,"minecraft:play_one_minute":60675,"minecraft:leave_game":1,"minecraft:time_since_death":18399,"minecraft:sleep_in_bed":2,"minecraft:time_since_rest":401,"minecraft:sprint_one_cm":162015,"minecraft:damage_taken":2335,"minecraft:walk_one_cm":83628,"minecraft:damage_blocked_by_shield":928,"minecraft:drop":11,"minecraft:damage_dealt":6973,"minecraft:swim_one_cm":25215,"minecraft:fly_one_cm":226058,"minecraft:open_chest":3,"minecraft:crouch_one_cm":4035,"minecraft:deaths":6,"minecraft:sneak_time":1283,"minecraft:walk_under_water_one_cm":1156,"minecraft:jump":1188,"minecraft:walk_on_water_one_cm":12144,"minecraft:fall_one_cm":32238},"minecraft:picked_up":{"minecraft:iron_chestplate":1,"minecraft:andesite":14,"minecraft:leather":5,"minecraft:oak_log":4,"minecraft:gunpowder":1,"minecraft:dirt":32,"minecraft:string":5,"minecraft:iron_leggings":1,"minecraft:name_tag":1,"minecraft:bone":11,"minecraft:apple":2,"minecraft:activator_rail":4,"minecraft:detector_rail":1,"minecraft:beef":9,"minecraft:iron_ingot":4,"minecraft:iron_ore":74,"minecraft:poppy":1,"minecraft:minecart":2,"minecraft:chest":2,"minecraft:oak_planks":25,"minecraft:iron_boots":1,"minecraft:furnace":4,"minecraft:oak_fence":4,"minecraft:gravel":2,"minecraft:porkchop":14,"minecraft:diorite":11,"minecraft:redstone":5,"minecraft:gold_ore":8,"minecraft:spider_eye":1,"minecraft:pumpkin_seeds":4,"minecraft:arrow":2,"minecraft:rotten_flesh":4,"minecraft:beetroot_seeds":8,"minecraft:iron_helmet":1,"minecraft:granite":1,"minecraft:emerald":4,"minecraft:oak_sapling":1,"minecraft:mutton":19,"minecraft:coal":83,"minecraft:white_wool":14,"minecraft:rail":25,"minecraft:cobblestone":159},"minecraft:killed":{"minecraft:cave_spider":1,"minecraft:pig":7,"minecraft:creeper":1,"minecraft:sheep":14,"minecraft:skeleton":6,"minecraft:zombie":12,"minecraft:cow":4},"minecraft:dropped":{"minecraft:iron_ingot":41,"minecraft:furnace":3,"minecraft:cooked_porkchop":7,"minecraft:coal":43,"minecraft:oak_sapling":1},"minecraft:mined":{"minecraft:granite":2,"minecraft:emerald_ore":4,"minecraft:grass_block":1,"minecraft:cobblestone":15,"minecraft:oak_planks":3,"minecraft:diorite":7,"minecraft:furnace":3,"minecraft:iron_ore":75,"minecraft:andesite":11,"minecraft:grass":3,"minecraft:oak_log":4,"minecraft:coal_ore":39,"minecraft:rail":1,"minecraft:dirt":6,"minecraft:cobweb":3,"minecraft:stone":141,"minecraft:gold_ore":8,"minecraft:oak_leaves":1},"minecraft:crafted":{"minecraft:oak_planks":16,"minecraft:cooked_porkchop":14,"minecraft:wooden_pickaxe":1,"minecraft:iron_sword":1,"minecraft:furnace":2,"minecraft:stone_axe":1,"minecraft:cooked_mutton":3,"minecraft:air":0,"minecraft:shield":1,"minecraft:stick":12,"minecraft:iron_ingot":81,"minecraft:iron_pickaxe":1,"minecraft:stone_pickaxe":1,"minecraft:wooden_axe":1,"minecraft:gold_ingot":16},"minecraft:killed_by":{"minecraft:skeleton":3,"minecraft:creeper":2}},"DataVersion":2586}