{"stats":{"minecraft:custom":{"lootr:looted_stat":23,"minecraft:mob_kills":41,"minecraft:interact_with_crafting_table":18,"goblintraders:trade_with_goblin":43,"minecraft:damage_dealt_resisted":721,"minecraft:leave_game":9,"minecraft:time_since_death":9484,"minecraft:climb_one_cm":1867,"minecraft:sprint_one_cm":172365,"minecraft:walk_one_cm":189394,"minecraft:damage_blocked_by_shield":595,"minecraft:drop":60,"minecraft:deaths":20,"minecraft:sneak_time":2340,"minecraft:walk_under_water_one_cm":27194,"minecraft:jump":1175,"minecraft:walk_on_water_one_cm":32291,"minecraft:interact_with_furnace":8,"minecraft:play_one_minute":133109,"minecraft:time_since_rest":9218,"minecraft:waystone_activated":1,"minecraft:damage_taken":2147483647,"minecraft:damage_absorbed":5,"minecraft:damage_dealt":12386,"minecraft:swim_one_cm":39226,"minecraft:fly_one_cm":362253,"minecraft:open_chest":3,"minecraft:crouch_one_cm":5205,"tombstone:undead_killed":29,"minecraft:fall_one_cm":18858},"minecraft:mined":{"scalinghealth:power_crystal_ore":14,"duneons:bluevangardvase":1,"minecraft:nether_bricks":3,"minecraft:granite":3,"duneons:dungeonbarrel":1,"duneons:stoneworld":2,"minecraft:large_fern":3,"minecraft:hay_block":1,"minecraft:iron_ore":104,"minecraft:andesite":2,"duneons:swamplog":4,"minecraft:stone":76,"scalinghealth:heart_crystal_ore":8,"tconstruct:copper_ore":4,"minecraft:smithing_table":1,"minecraft:crafting_table":3,"minecraft:cobblestone":2,"minecraft:diorite":5,"minecraft:oak_log":2,"minecraft:coal_ore":12,"minecraft:cobweb":2,"minecraft:gold_ore":17},"minecraft:killed_by":{"minecraft:creeper":1,"iceandfire:gorgon":1,"artifacts:mimic":7,"minecraft:zombie":8,"duneons:wraith":1},"minecraft:picked_up":{"minecraft:crafting_table":5,"minecraft:leather_leggings":1,"minecraft:smithing_table":1,"minecraft:enchanted_book":2,"tombstone:grave_key":1,"minecraft:string":2,"minecraft:cracked_stone_bricks":2,"minecraft:gold_nugget":5,"minecraft:redstone_torch":2,"minecraft:iron_pickaxe":1,"sonicraft:gold_ring":1,"vampirism:vampire_fang":3,"tombstone:grave_dust":12,"minecraft:diorite":4,"vampirism:amulet":1,"duneons:dungeonbarrel":1,"artifacts:snorkel":1,"minecraft:arrow":4,"minecraft:rotten_flesh":19,"minecraft:nether_bricks":3,"minecraft:hay_block":1,"minecraft:cod":2,"minecraft:cobblestone":83,"minecraft:cooked_beef":3,"minecraft:andesite":2,"minecraft:oak_log":2,"minecraft:golden_boots":1,"minecraft:bone":29,"minecraft:stone_bricks":1,"minecraft:iron_ore":106,"scalinghealth:power_crystal_shard":14,"minecraft:mossy_stone_bricks":1,"artifacts:antidote_vessel":1,"minecraft:mossy_stone_brick_stairs":2,"scalinghealth:heart_crystal_shard":19,"tconstruct:copper_ore":4,"minecraft:gold_ore":17,"minecraft:trapped_chest":1,"minecraft:spider_eye":3,"minecraft:diamond":2,"minecraft:granite":3,"minecraft:bread":64,"iceandfire:gorgon_head":1,"minecraft:baked_potato":4,"minecraft:coal":12,"minecraft:ender_pearl":1},"minecraft:dropped":{"minecraft:enchanted_book":2,"minecraft:iron_ingot":43,"minecraft:cooked_beef":6,"minecraft:baked_potato":8,"minecraft:tnt":1,"minecraft:glass_bottle":1,"minecraft:crafting_table":2,"minecraft:iron_helmet":1,"minecraft:cobblestone":7,"minecraft:leather":2,"minecraft:mossy_stone_brick_stairs":2,"minecraft:cracked_stone_bricks":2,"minecraft:cod":2,"artifacts:snorkel":1,"minecraft:diorite":1,"tombstone:grave_key":1,"tombstone:grave_dust":9,"minecraft:gold_nugget":10,"minecraft:trapped_chest":1,"minecraft:gold_ingot":1,"minecraft:bone":23,"minecraft:pink_tulip":1,"sonicraft:gold_ring":1,"minecraft:rotten_flesh":17,"minecraft:oak_planks":4,"minecraft:nether_bricks":3,"scalinghealth:power_crystal_shard":1,"minecraft:chainmail_chestplate":1,"minecraft:shield":1,"vampirism:vampire_blood_bottle":1,"vampirism:vampire_fang":2,"minecraft:andesite":2,"minecraft:mossy_stone_bricks":1,"minecraft:chainmail_boots":1,"minecraft:leather_leggings":1,"minecraft:redstone_torch":2,"minecraft:spider_eye":3,"minecraft:arrow":1},"minecraft:killed":{"vampirism:vampire":4,"iceandfire:gorgon":1,"minecraft:spider":3,"undead:theheavy":1,"minecraft:skeleton":4,"artifacts:mimic":2,"minecraft:creeper":1,"minecraft:zombie":18,"iceandfire:ghost":2,"duneons:illagergeomancer":1,"undead:thestone":2,"minecraft:stray":1},"minecraft:crafted":{"minecraft:oak_planks":8,"minecraft:coal":1,"minecraft:furnace":1,"minecraft:iron_boots":1,"minecraft:iron_axe":1,"scalinghealth:power_crystal":1,"sonicraft:gold_ring":1,"minecraft:emerald":1,"minecraft:crafting_table":2,"iceandfire:blindfold":1,"minecraft:iron_helmet":2,"scalinghealth:heart_crystal":2,"minecraft:air":0,"minecraft:iron_chestplate":1,"minecraft:golden_apple":2,"minecraft:gold_nugget":9,"minecraft:iron_ingot":82,"minecraft:iron_pickaxe":1,"minecraft:gold_ingot":8,"minecraft:iron_leggings":1,"minecraft:acacia_planks":12},"minecraft:broken":{"minecraft:iron_pickaxe":1},"minecraft:used":{"duneons:dungeonbarrel":1,"minecraft:shield":14,"scalinghealth:heart_crystal":2,"minecraft:carrot":2,"minecraft:granite":3,"minecraft:iron_axe":14,"scalinghealth:power_crystal":1,"minecraft:stone_bricks":11,"minecraft:hay_block":1,"minecraft:furnace":1,"tombstone:gift":8,"minecraft:cooked_beef":3,"minecraft:potato":3,"minecraft:acacia_planks":3,"minecraft:diorite":3,"minecraft:baked_potato":5,"minecraft:golden_apple":2,"minecraft:crafting_table":5,"minecraft:cod":3,"minecraft:apple":1,"minecraft:bread":4,"minecraft:iron_pickaxe":252,"tombstone:grave_key":7,"minecraft:cobblestone":40,"minecraft:potion":1,"spartanweaponry:longsword_iron":230}},"DataVersion":2586}