{"stats":{"minecraft:dropped":{"minecraft:iron_ingot":18,"minecraft:baked_potato":8,"minecraft:tnt":1,"minecraft:glass_bottle":1,"minecraft:crafting_table":2,"minecraft:rotten_flesh":7,"minecraft:oak_planks":4,"minecraft:mossy_stone_brick_stairs":2,"minecraft:cracked_stone_bricks":2,"minecraft:shield":1,"artifacts:snorkel":1,"tombstone:grave_key":1,"minecraft:andesite":2,"minecraft:mossy_stone_bricks":1,"minecraft:redstone_torch":1,"minecraft:spider_eye":2,"minecraft:arrow":1,"minecraft:gold_ingot":1},"minecraft:mined":{"tconstruct:copper_ore":4,"minecraft:smithing_table":1,"scalinghealth:power_crystal_ore":6,"duneons:bluevangardvase":1,"minecraft:crafting_table":1,"minecraft:nether_bricks":3,"minecraft:granite":3,"duneons:dungeonbarrel":1,"minecraft:cobblestone":1,"minecraft:hay_block":1,"minecraft:iron_ore":33,"minecraft:andesite":1,"duneons:swamplog":1,"minecraft:coal_ore":12,"minecraft:oak_log":2,"minecraft:stone":56,"minecraft:gold_ore":8,"scalinghealth:heart_crystal_ore":4},"minecraft:picked_up":{"minecraft:crafting_table":3,"minecraft:andesite":2,"minecraft:leather_leggings":1,"minecraft:smithing_table":1,"minecraft:oak_log":2,"tombstone:grave_key":1,"minecraft:golden_boots":1,"minecraft:bone":3,"minecraft:stone_bricks":1,"minecraft:cracked_stone_bricks":2,"minecraft:redstone_torch":1,"minecraft:iron_ore":34,"scalinghealth:power_crystal_shard":6,"minecraft:mossy_stone_bricks":1,"artifacts:antidote_vessel":1,"minecraft:mossy_stone_brick_stairs":2,"scalinghealth:heart_crystal_shard":4,"tconstruct:copper_ore":4,"tombstone:grave_dust":3,"minecraft:diorite":1,"minecraft:gold_ore":8,"minecraft:trapped_chest":1,"minecraft:spider_eye":2,"duneons:dungeonbarrel":1,"artifacts:snorkel":1,"minecraft:arrow":4,"minecraft:rotten_flesh":18,"minecraft:nether_bricks":3,"minecraft:hay_block":1,"minecraft:granite":3,"minecraft:baked_potato":4,"minecraft:coal":12,"minecraft:cobblestone":62,"minecraft:ender_pearl":1},"minecraft:killed":{"undead:theheavy":1,"minecraft:skeleton":3,"minecraft:zombie":9,"duneons:illagergeomancer":1,"undead:thestone":1,"minecraft:stray":1,"artifacts:mimic":2},"minecraft:used":{"duneons:dungeonbarrel":1,"minecraft:baked_potato":5,"minecraft:shield":14,"minecraft:golden_apple":2,"minecraft:crafting_table":2,"minecraft:carrot":2,"minecraft:cod":1,"minecraft:apple":1,"minecraft:iron_axe":9,"minecraft:bread":2,"minecraft:iron_pickaxe":131,"tombstone:grave_key":5,"minecraft:cobblestone":26,"minecraft:potion":1,"minecraft:hay_block":1,"spartanweaponry:longsword_iron":147,"minecraft:furnace":1,"tombstone:gift":8,"minecraft:cooked_beef":1},"minecraft:custom":{"minecraft:interact_with_furnace":5,"lootr:looted_stat":20,"minecraft:mob_kills":19,"minecraft:interact_with_crafting_table":6,"goblintraders:trade_with_goblin":27,"minecraft:play_one_minute":91457,"minecraft:damage_dealt_resisted":721,"minecraft:leave_game":9,"minecraft:time_since_death":12403,"minecraft:climb_one_cm":1202,"minecraft:time_since_rest":11902,"minecraft:damage_absorbed":5,"minecraft:sprint_one_cm":95848,"minecraft:damage_taken":5328,"minecraft:walk_one_cm":117515,"minecraft:damage_blocked_by_shield":595,"minecraft:drop":28,"minecraft:damage_dealt":5505,"minecraft:swim_one_cm":10898,"minecraft:fly_one_cm":288765,"minecraft:crouch_one_cm":2931,"tombstone:undead_killed":15,"minecraft:deaths":18,"minecraft:sneak_time":1667,"minecraft:walk_under_water_one_cm":12372,"minecraft:jump":660,"minecraft:walk_on_water_one_cm":20854,"minecraft:fall_one_cm":9302},"minecraft:crafted":{"sonicraft:gold_ring":1,"minecraft:oak_planks":8,"minecraft:coal":1,"minecraft:emerald":1,"minecraft:crafting_table":1,"minecraft:iron_helmet":1,"minecraft:furnace":1,"minecraft:air":0,"minecraft:golden_apple":2,"minecraft:gold_nugget":9,"minecraft:iron_axe":1,"minecraft:iron_ingot":50,"minecraft:iron_pickaxe":1,"minecraft:gold_ingot":8},"minecraft:killed_by":{"minecraft:creeper":1,"artifacts:mimic":7,"minecraft:zombie":8,"duneons:wraith":1}},"DataVersion":2586}