{"stats":{"minecraft:dropped":{"minecraft:brown_mushroom":1,"minecraft:golden_boots":1,"minecraft:iron_ingot":24,"minecraft:bread":48,"minecraft:iron_sword":1,"minecraft:porkchop":3,"minecraft:wheat_seeds":1,"minecraft:glass_bottle":4,"minecraft:crafting_table":1,"minecraft:iron_helmet":1,"minecraft:cobblestone":4,"minecraft:apple":1,"minecraft:red_wool":2,"minecraft:saddle":1,"iceandfire:cyclops_eye":2,"minecraft:spruce_stairs":2,"minecraft:golden_apple":8,"minecraft:mutton":10,"werewolves:cracked_bone":1,"tombstone:grave_dust":2,"werewolves:liver":1,"spartanweaponry:longsword_iron":1,"minecraft:phantom_membrane":2,"minecraft:chainmail_leggings":1,"minecraft:string":10,"spartanweaponry:javelin_iron":1,"spartanweaponry:throwing_knife_iron":1,"minecraft:bone":12,"spartanweaponry:warhammer_iron":1,"spartanweaponry:scythe_iron":1,"minecraft:black_carpet":4,"minecraft:birch_sapling":1,"minecraft:rotten_flesh":77,"minecraft:oak_planks":11,"minecraft:iron_boots":3,"minecraft:filled_map":2,"spartanweaponry:katana_iron":1,"minecraft:tipped_arrow":2,"minecraft:shield":1,"minecraft:gunpowder":1,"minecraft:iron_chestplate":1,"minecraft:leather_boots":1,"minecraft:oak_sapling":18,"minecraft:slime_ball":2,"minecraft:arrow":2,"minecraft:beef":6,"undead:stuffedflesh":1,"minecraft:black_wool":1},"minecraft:mined":{"minecraft:diamond_ore":3,"duneons:bluevangardvase":1,"minecraft:light_gray_stained_glass_pane":3,"minecraft:mossy_cobblestone":8,"minecraft:nether_bricks":3,"minecraft:granite":1,"minecraft:grass_block":1,"minecraft:brick_stairs":1,"duneons:dungeonbarrel":1,"minecraft:spruce_leaves":2,"vampirism:hunter_table":1,"duneons:stoneworld":5,"minecraft:red_stained_glass_pane":2,"minecraft:spawner":31,"duneons:creepertotem":1,"minecraft:large_fern":2,"minecraft:hay_block":25,"minecraft:black_stained_glass_pane":2,"minecraft:tall_seagrass":1,"minecraft:mossy_cobblestone_stairs":3,"minecraft:fire":1,"minecraft:iron_ore":27,"minecraft:black_carpet":4,"minecraft:gold_block":10,"minecraft:enchanting_table":2,"minecraft:mossy_stone_brick_stairs":5,"minecraft:bookshelf":12,"minecraft:vine":1,"minecraft:iron_bars":10,"theabyss:ruma_log":8,"minecraft:stone":37,"minecraft:glass_pane":2,"minecraft:quartz_block":1,"minecraft:oak_fence":2,"minecraft:crafting_table":3,"minecraft:torch":1,"theabyss:blue_shroomlight":1,"minecraft:tall_grass":6,"minecraft:cobblestone":7,"duneons:arenablockanim":1,"minecraft:bricks":1,"duneons:warpbiggrass":1,"minecraft:birch_log":7,"minecraft:spruce_log":10,"minecraft:tnt":3,"minecraft:stone_brick_stairs":7,"minecraft:yellow_bed":2,"minecraft:grass":11,"minecraft:oak_log":64,"minecraft:coal_ore":2,"theabyss:tantra_grass_middle":1,"minecraft:dirt":2,"minecraft:cobweb":5,"theabyss:loran_flower":9,"minecraft:cracked_stone_bricks":12,"minecraft:stone_bricks":9,"minecraft:netherrack":1,"minecraft:mossy_stone_bricks":5,"minecraft:oak_leaves":3},"minecraft:picked_up":{"minecraft:crafting_table":3,"minecraft:black_carpet":5,"theabyss:ruma_log":8,"minecraft:brown_mushroom":1,"iceandfire:witherbone":2,"minecraft:gold_block":10,"minecraft:stone_brick_stairs":4,"minecraft:string":19,"duneons:coin":3,"minecraft:sea_pickle":1,"minecraft:cracked_stone_bricks":8,"minecraft:beef":16,"minecraft:redstone_torch":2,"minecraft:lectern":1,"minecraft:birch_sapling":3,"theabyss:loran":9,"minecraft:phantom_membrane":2,"minecraft:tipped_arrow":3,"minecraft:stick":13,"minecraft:oak_fence":1,"minecraft:torch":3,"werewolves:liver":2,"minecraft:spruce_stairs":2,"minecraft:porkchop":1,"tombstone:grave_dust":15,"vampirism:vampire_fang":1,"minecraft:carrot":2,"tombstone:tablet_of_cupidity":1,"minecraft:tnt":3,"duneons:dungeonbarrel":1,"vampirism:hunter_table":1,"minecraft:quartz_block":1,"minecraft:arrow":34,"iceandfire:cyclops_eye":3,"minecraft:rotten_flesh":88,"minecraft:hay_block":25,"minecraft:saddle":1,"minecraft:brick_stairs":1,"minecraft:mutton":10,"minecraft:iron_bars":10,"minecraft:cobblestone":41,"minecraft:birch_log":12,"minecraft:enchanting_table":2,"theabyss:blue_shroomlight":1,"vampirism:vampire_blood_bottle":1,"minecraft:leather":18,"undead:stuffedflesh":1,"minecraft:oak_log":63,"minecraft:chainmail_chestplate":2,"artifacts:superstitious_hat":1,"minecraft:yellow_bed":2,"minecraft:golden_boots":1,"minecraft:gunpowder":1,"scalinghealth:heart_crystal":2,"minecraft:dirt":2,"tombstone:gift":2,"duneons:creepertotem":1,"minecraft:leather_boots":1,"minecraft:bone":42,"minecraft:apple":1,"minecraft:stone_bricks":8,"minecraft:wheat_seeds":1,"minecraft:iron_ore":27,"minecraft:mossy_stone_bricks":3,"minecraft:glass_bottle":1,"minecraft:oak_planks":8,"minecraft:mossy_stone_brick_stairs":2,"minecraft:book":43,"scalinghealth:heart_crystal_shard":28,"minecraft:emerald_block":1,"minecraft:red_wool":2,"duneons:arenaeyeblock":1,"minecraft:gravel":1,"minecraft:spruce_sapling":1,"minecraft:spruce_log":5,"minecraft:spider_eye":2,"minecraft:mossy_cobblestone":3,"minecraft:leather_helmet":1,"minecraft:slime_ball":2,"minecraft:diamond":3,"waystones:waystone":4,"minecraft:golden_apple":1,"minecraft:mossy_cobblestone_stairs":3,"minecraft:emerald":5,"werewolves:cracked_bone":1,"tombstone:magic_scroll":2,"minecraft:oak_sapling":18,"minecraft:black_wool":1,"minecraft:coal":2},"minecraft:broken":{"duneons:crumsoncoresword":1,"minecraft:iron_chestplate":1,"duneons:cutlass":1},"minecraft:killed":{"vampirism:vampire":1,"minecraft:vex":1,"minecraft:cave_spider":4,"vampirism:advanced_vampire":1,"minecraft:spider":7,"minecraft:vindicator":9,"duneons:wraith":15,"undead:themermaid":2,"undead:theheavy":1,"minecraft:skeleton":16,"undead:thepregnant":1,"duneons:pigchest":1,"vampirism:advanced_hunter":1,"minecraft:silverfish":1,"undead:thebomber":2,"undead:themoonflower":3,"artifacts:mimic":1,"minecraft:husk":5,"iceandfire:cyclops":1,"vampirism:hunter":1,"minecraft:sheep":2,"minecraft:zombie":58,"iceandfire:ghost":3,"minecraft:stray":10,"minecraft:wither_skeleton":6,"minecraft:cow":9},"minecraft:crafted":{"minecraft:oak_planks":56,"duneons:saber":1,"minecraft:chest":1,"minecraft:diamond_boots":1,"sophisticatedbackpacks:iron_backpack":1,"minecraft:wheat":225,"minecraft:emerald":9,"sophisticatedbackpacks:backpack":1,"minecraft:crafting_table":7,"sophisticatedbackpacks:gold_backpack":1,"scalinghealth:heart_crystal":3,"minecraft:birch_planks":4,"minecraft:bread":75,"minecraft:oak_boat":1,"minecraft:iron_chestplate":2,"minecraft:stick":24,"minecraft:torch":100},"minecraft:custom":{"lootr:looted_stat":64,"minecraft:mob_kills":167,"minecraft:interact_with_crafting_table":10,"minecraft:open_barrel":2,"minecraft:damage_dealt_resisted":211,"minecraft:leave_game":2,"minecraft:time_since_death":17970,"minecraft:climb_one_cm":1887,"minecraft:sprint_one_cm":286265,"minecraft:walk_one_cm":324379,"minecraft:damage_blocked_by_shield":2242,"minecraft:drop":82,"minecraft:sneak_time":2968,"minecraft:deaths":2,"minecraft:walk_under_water_one_cm":13221,"minecraft:boat_one_cm":506,"minecraft:jump":2068,"minecraft:walk_on_water_one_cm":16561,"tombstone:raider_killed":9,"minecraft:play_one_minute":134828,"minecraft:sleep_in_bed":2,"minecraft:time_since_rest":5216,"minecraft:damage_taken":2147483647,"minecraft:damage_absorbed":280,"minecraft:trigger_trapped_chest":2,"minecraft:damage_dealt":36477,"tombstone:cast_on_ally":1,"minecraft:fly_one_cm":834710,"minecraft:crouch_one_cm":10941,"tombstone:undead_killed":122,"minecraft:fall_one_cm":68467},"minecraft:used":{"minecraft:oak_fence":1,"duneons:dungeonbarrel":1,"minecraft:iron_bars":2,"duneons:saber":252,"minecraft:shield":53,"minecraft:iron_sword":2,"duneons:arenaeyeblock":1,"minecraft:rotten_flesh":3,"minecraft:torch":116,"minecraft:dirt":2,"scalinghealth:heart_crystal":5,"minecraft:carrot":2,"duneons:crumsoncoresword":103,"minecraft:brick_stairs":1,"minecraft:birch_sapling":2,"theabyss:ruma_log":1,"minecraft:stone_bricks":1,"minecraft:bow":1,"tombstone:gift":6,"minecraft:cooked_beef":7,"minecraft:oak_planks":1,"duneons:creepertotem":1,"duneons:cutlass":121,"minecraft:golden_apple":7,"minecraft:tnt":3,"minecraft:crafting_table":8,"minecraft:spruce_log":15,"minecraft:oak_log":49,"minecraft:diamond_pickaxe":99,"minecraft:apple":5,"minecraft:bread":81,"minecraft:iron_pickaxe":101,"tombstone:magic_scroll":1,"minecraft:lectern":1,"theabyss:blue_shroomlight":1,"minecraft:spruce_sapling":1,"minecraft:gravel":1,"werewolves:liver":1,"minecraft:stone_axe":59,"spartanweaponry:javelin_iron":5,"minecraft:cobblestone":3,"minecraft:potion":4,"minecraft:birch_log":7,"minecraft:oak_boat":1,"minecraft:yellow_bed":1,"duneons:doubleaxe":6,"minecraft:sea_pickle":1,"minecraft:cobweb":4},"minecraft:killed_by":{"minecraft:vindicator":1,"iceandfire:gorgon":1}},"DataVersion":2586}