{"stats":{"minecraft:custom":{"lootr:looted_stat":75,"minecraft:interact_with_crafting_table":23,"minecraft:open_barrel":2,"minecraft:leave_game":2,"minecraft:time_since_death":83663,"minecraft:sprint_one_cm":392119,"minecraft:damage_blocked_by_shield":2537,"minecraft:drop":198,"minecraft:deaths":2,"minecraft:jump":3987,"minecraft:walk_on_water_one_cm":74969,"minecraft:interact_with_furnace":7,"minecraft:play_one_minute":200521,"minecraft:sleep_in_bed":3,"minecraft:damage_dealt":52824,"minecraft:crouch_one_cm":15642,"tombstone:undead_killed":130,"minecraft:mob_kills":190,"minecraft:damage_dealt_resisted":211,"minecraft:climb_one_cm":1887,"minecraft:walk_one_cm":423118,"minecraft:sneak_time":5151,"minecraft:walk_under_water_one_cm":103107,"minecraft:boat_one_cm":5276,"tombstone:raider_killed":9,"minecraft:time_since_rest":29174,"minecraft:damage_taken":2147483647,"minecraft:damage_absorbed":562,"minecraft:trigger_trapped_chest":2,"tombstone:cast_on_ally":1,"minecraft:swim_one_cm":105317,"minecraft:fly_one_cm":1131650,"minecraft:fall_one_cm":104979},"minecraft:mined":{"minecraft:granite":1,"minecraft:grass_block":1,"duneons:dungeonbarrel":1,"vampirism:hunter_table":1,"duneons:stoneworld":5,"minecraft:red_stained_glass_pane":2,"minecraft:spawner":31,"minecraft:light_blue_stained_glass":3,"minecraft:tall_seagrass":1,"minecraft:mossy_cobblestone_stairs":3,"minecraft:iron_ore":27,"minecraft:fire":1,"minecraft:black_carpet":4,"minecraft:enchanting_table":2,"minecraft:iron_bars":10,"tconstruct:sky_slime_dirt":7,"minecraft:quartz_block":1,"minecraft:kelp_plant":1,"minecraft:torch":1,"minecraft:cobblestone":7,"duneons:arenablockanim":1,"minecraft:bricks":1,"minecraft:birch_log":7,"duneons:warpbiggrass":1,"minecraft:tnt":3,"minecraft:stone_brick_stairs":7,"minecraft:grass":11,"tconstruct:earth_sky_slime_grass":1,"minecraft:oak_log":64,"theabyss:tantra_grass_middle":1,"minecraft:sand":7,"minecraft:dirt":2,"theabyss:loran_flower":72,"minecraft:netherrack":1,"minecraft:oak_leaves":3,"minecraft:diamond_ore":4,"minecraft:crying_obsidian":3,"duneons:bluevangardvase":1,"minecraft:light_gray_stained_glass_pane":3,"minecraft:mossy_cobblestone":8,"iceandfire:frozen_cobblestone":6,"minecraft:nether_bricks":3,"iceandfire:frozen_stone":6,"minecraft:brick_stairs":1,"minecraft:spruce_leaves":5,"minecraft:sandstone":3,"minecraft:large_fern":2,"minecraft:hay_block":25,"duneons:creepertotem":1,"minecraft:black_stained_glass_pane":2,"minecraft:gold_block":10,"minecraft:mossy_stone_brick_stairs":5,"minecraft:bookshelf":12,"minecraft:vine":1,"minecraft:packed_ice":7,"theabyss:ruma_log":8,"minecraft:stone":45,"minecraft:glass_pane":2,"minecraft:oak_fence":2,"minecraft:crafting_table":4,"theabyss:blue_shroomlight":1,"minecraft:tall_grass":6,"minecraft:ice":2,"minecraft:spruce_log":17,"minecraft:yellow_bed":3,"minecraft:coal_ore":2,"minecraft:cobweb":5,"minecraft:cracked_stone_bricks":12,"minecraft:stone_bricks":10,"minecraft:mossy_stone_bricks":5,"minecraft:fern":3},"minecraft:killed_by":{"minecraft:vindicator":1,"iceandfire:gorgon":1},"minecraft:dropped":{"minecraft:iron_sword":1,"minecraft:brown_mushroom":1,"minecraft:porkchop":3,"betterendforge:end_lily_seed":3,"betterendforge:hydralux_sapling":3,"minecraft:cooked_beef":32,"minecraft:glass_bottle":4,"minecraft:crafting_table":1,"minecraft:red_wool":2,"minecraft:saddle":1,"minecraft:cod":3,"iceandfire:copper_ingot":1,"tconstruct:greenheart_planks":6,"minecraft:mutton":10,"minecraft:sand":29,"minecraft:phantom_membrane":4,"spartanweaponry:throwing_knife_iron":2,"minecraft:bone":12,"iceandfire:armor_sapphire_chestplate":1,"spartanweaponry:warhammer_iron":3,"minecraft:black_carpet":4,"minecraft:birch_sapling":1,"minecraft:rotten_flesh":92,"minecraft:oak_planks":16,"iceandfire:frozen_stone":15,"minecraft:tipped_arrow":2,"minecraft:gunpowder":1,"vampirism:vampire_blood_bottle":1,"minecraft:leather_boots":1,"betterendforge:bulb_vine_seed":2,"minecraft:arrow":6,"minecraft:beef":6,"minecraft:enchanted_book":2,"minecraft:golden_boots":1,"minecraft:iron_ingot":24,"minecraft:bread":48,"minecraft:wheat_seeds":1,"iceandfire:armor_sapphire_helmet":1,"iceandfire:sea_serpent_scales_bronze":3,"minecraft:iron_helmet":2,"minecraft:cobblestone":4,"minecraft:apple":1,"iceandfire:cyclops_eye":2,"minecraft:spruce_stairs":2,"minecraft:golden_apple":8,"iceandfire:armor_sapphire_boots":2,"minecraft:ink_sac":2,"werewolves:cracked_bone":1,"tombstone:grave_dust":2,"minecraft:iron_leggings":2,"werewolves:liver":1,"spartanweaponry:longsword_iron":2,"minecraft:chainmail_leggings":1,"minecraft:string":10,"spartanweaponry:javelin_iron":1,"iceandfire:armor_sapphire_leggings":1,"iceandfire:frozen_cobblestone":2,"iceandfire:silver_nugget":260,"minecraft:kelp":13,"spartanweaponry:scythe_iron":2,"minecraft:iron_boots":3,"iceandfire:dragonbone_sword_ice":1,"minecraft:filled_map":2,"spartanweaponry:katana_iron":2,"minecraft:spruce_boat":1,"minecraft:shield":1,"minecraft:iron_chestplate":3,"minecraft:oak_sapling":18,"minecraft:slime_ball":2,"undead:stuffedflesh":1,"minecraft:black_wool":1},"minecraft:picked_up":{"minecraft:iron_chestplate":1,"minecraft:black_carpet":5,"theabyss:ruma_log":8,"minecraft:enchanted_book":2,"minecraft:stone_brick_stairs":4,"minecraft:string":19,"duneons:coin":3,"iceandfire:sea_serpent_scales_teal":20,"minecraft:iron_leggings":2,"iceandfire:sea_serpent_scales_bronze":6,"minecraft:sea_pickle":1,"minecraft:redstone_torch":2,"spartanweaponry:katana_iron":1,"minecraft:tipped_arrow":3,"minecraft:stick":23,"minecraft:oak_fence":1,"minecraft:torch":3,"werewolves:liver":2,"minecraft:spruce_stairs":2,"minecraft:porkchop":1,"tombstone:grave_dust":15,"vampirism:vampire_fang":1,"tombstone:tablet_of_cupidity":1,"minecraft:quartz_block":1,"vampirism:hunter_table":1,"minecraft:rotten_flesh":97,"minecraft:iron_bars":10,"minecraft:cod":3,"minecraft:cobblestone":49,"minecraft:birch_log":12,"minecraft:enchanting_table":2,"iceandfire:sapphire_gem":2,"minecraft:cooked_beef":1,"undead:stuffedflesh":1,"minecraft:dirt":2,"duneons:creepertotem":1,"minecraft:leather_boots":1,"minecraft:bone":43,"minecraft:wheat_seeds":1,"minecraft:mossy_stone_bricks":3,"minecraft:oak_planks":11,"minecraft:mossy_stone_brick_stairs":2,"iceandfire:dragonscales_sapphire":76,"minecraft:sand":30,"minecraft:ink_sac":2,"minecraft:mossy_cobblestone":3,"spartanweaponry:longsword_iron":1,"minecraft:diamond":4,"waystones:waystone":4,"minecraft:golden_apple":1,"minecraft:emerald":5,"werewolves:cracked_bone":1,"minecraft:oak_sapling":18,"iceandfire:silver_nugget":344,"tconstruct:greenheart_planks":6,"minecraft:crafting_table":4,"iceandfire:witherbone":2,"minecraft:brown_mushroom":1,"minecraft:gold_block":10,"iceandfire:frozen_cobblestone":66,"iceandfire:frozen_stone":91,"spartanweaponry:stray_skull":2,"minecraft:cracked_stone_bricks":8,"minecraft:beef":16,"minecraft:oak_boat":1,"minecraft:lectern":1,"minecraft:birch_sapling":3,"minecraft:phantom_membrane":2,"iceandfire:ice_dragon_heart":2,"theabyss:loran":64,"iceandfire:dragonbone":52,"minecraft:sandstone":3,"tconstruct:sky_slime_dirt":9,"minecraft:carrot":2,"minecraft:redstone":4,"minecraft:tnt":3,"duneons:dungeonbarrel":1,"iceandfire:dragon_skull_ice":3,"iceandfire:silver_ingot":12,"iceandfire:sea_serpent_scales_purple":4,"iceandfire:cyclops_eye":3,"minecraft:arrow":36,"iceandfire:dragonscales_silver":22,"minecraft:hay_block":25,"minecraft:saddle":1,"iceandfire:armor_sapphire_boots":1,"minecraft:brick_stairs":1,"minecraft:mutton":10,"minecraft:skeleton_skull":1,"theabyss:blue_shroomlight":1,"vampirism:vampire_blood_bottle":3,"iceandfire:sea_serpent_fang":28,"minecraft:leather":18,"minecraft:oak_log":63,"minecraft:chainmail_chestplate":2,"artifacts:superstitious_hat":1,"minecraft:yellow_bed":3,"minecraft:golden_boots":1,"minecraft:gunpowder":4,"scalinghealth:heart_crystal":3,"tombstone:gift":2,"minecraft:apple":1,"minecraft:stone_bricks":9,"minecraft:kelp":13,"minecraft:heart_of_the_sea":1,"minecraft:iron_ore":28,"tombstone:bag_of_seeds":1,"minecraft:glass_bottle":1,"iceandfire:sea_serpent_scales_deepblue":22,"betterendforge:bulb_vine_seed":2,"minecraft:book":43,"spartanweaponry:scythe_iron":1,"scalinghealth:heart_crystal_shard":29,"minecraft:emerald_block":1,"spartanweaponry:warhammer_iron":2,"minecraft:red_wool":2,"duneons:arenaeyeblock":1,"minecraft:gravel":1,"minecraft:spruce_sapling":2,"minecraft:spruce_log":10,"minecraft:crying_obsidian":2,"minecraft:spider_eye":2,"minecraft:leather_helmet":1,"minecraft:slime_ball":2,"iceandfire:sea_serpent_scales_red":13,"minecraft:mossy_cobblestone_stairs":3,"iceandfire:ice_dragon_flesh":14,"tombstone:magic_scroll":2,"minecraft:black_wool":1,"minecraft:coal":2},"minecraft:killed":{"vampirism:vampire":2,"minecraft:cave_spider":4,"vampirism:advanced_vampire":1,"minecraft:spider":7,"duneons:wraith":15,"undead:themermaid":2,"undead:theheavy":1,"undead:thepregnant":1,"minecraft:skeleton":16,"minecraft:silverfish":1,"vampirism:advanced_hunter":1,"undead:thebomber":2,"artifacts:mimic":1,"minecraft:wolf":2,"minecraft:creeper":1,"vampirism:hunter":1,"minecraft:sheep":2,"minecraft:zombie":63,"minecraft:stray":10,"iceandfire:sea_serpent":3,"minecraft:cow":9,"minecraft:vex":1,"undead:fleshserpent":1,"minecraft:vindicator":9,"duneons:pigchest":1,"minecraft:drowned":1,"undead:themoonflower":3,"minecraft:husk":5,"iceandfire:cyclops":1,"iceandfire:ghost":3,"undead:thestone":1,"iceandfire:ice_dragon":2,"minecraft:wither_skeleton":6},"minecraft:crafted":{"minecraft:oak_planks":108,"iceandfire:armor_sapphire_chestplate":2,"minecraft:glass":6,"minecraft:chest":1,"minecraft:glass_bottle":6,"sophisticatedbackpacks:backpack":1,"minecraft:emerald":9,"iceandfire:armor_sapphire_helmet":2,"minecraft:crafting_table":10,"minecraft:spruce_planks":20,"minecraft:iron_helmet":1,"minecraft:birch_planks":4,"iceandfire:dragonbone_sword_ice":2,"minecraft:iron_chestplate":3,"minecraft:stick":24,"iceandfire:armor_sapphire_boots":2,"minecraft:furnace":1,"duneons:saber":2,"iceandfire:armor_sapphire_leggings":2,"minecraft:diamond_boots":1,"minecraft:wheat":225,"sophisticatedbackpacks:iron_backpack":1,"iceandfire:dragonbone_sword":2,"sophisticatedbackpacks:gold_backpack":1,"scalinghealth:heart_crystal":3,"minecraft:bucket":1,"minecraft:bread":75,"minecraft:air":0,"minecraft:oak_boat":3,"minecraft:torch":100},"minecraft:broken":{"duneons:crumsoncoresword":1,"minecraft:diamond_helmet":1,"minecraft:iron_chestplate":2,"minecraft:diamond_boots":1,"duneons:saber":1,"minecraft:stone_axe":1,"minecraft:diamond_leggings":1,"minecraft:shield":1,"duneons:cutlass":1},"minecraft:used":{"duneons:dungeonbarrel":1,"iceandfire:dragon_skull_ice":1,"minecraft:shield":75,"minecraft:iron_sword":2,"duneons:arenaeyeblock":1,"minecraft:rotten_flesh":3,"minecraft:carrot":2,"iceandfire:frozen_stone":19,"minecraft:obsidian":1,"minecraft:milk_bucket":1,"minecraft:spruce_boat":2,"minecraft:birch_sapling":2,"theabyss:ruma_log":1,"minecraft:stone_bricks":2,"minecraft:bow":25,"minecraft:furnace":1,"minecraft:skeleton_skull":1,"iceandfire:frozen_cobblestone":22,"minecraft:oak_planks":1,"iceandfire:dragonbone_sword_ice":50,"minecraft:sandstone":3,"duneons:creepertotem":1,"minecraft:golden_apple":14,"minecraft:sand":4,"minecraft:bread":118,"minecraft:lectern":1,"theabyss:blue_shroomlight":1,"iceandfire:ice_dragon_flesh":6,"minecraft:gravel":1,"minecraft:birch_log":7,"minecraft:oak_boat":4,"duneons:doubleaxe":6,"spartanweaponry:scythe_iron":47,"minecraft:cobweb":4,"minecraft:oak_fence":1,"minecraft:iron_bars":2,"duneons:saber":449,"minecraft:redstone":4,"minecraft:torch":116,"scalinghealth:heart_crystal":6,"minecraft:dirt":2,"duneons:crumsoncoresword":103,"minecraft:brick_stairs":1,"minecraft:golden_carrot":6,"tombstone:gift":6,"minecraft:cooked_beef":40,"spartanweaponry:stray_skull":2,"minecraft:glass_bottle":1,"duneons:cutlass":121,"minecraft:tnt":3,"minecraft:crafting_table":13,"minecraft:spruce_log":21,"tconstruct:sky_slime_dirt":9,"tombstone:bag_of_seeds":2,"minecraft:oak_log":49,"minecraft:diamond_pickaxe":140,"minecraft:apple":5,"minecraft:diamond_shovel":6,"minecraft:iron_pickaxe":101,"tombstone:magic_scroll":1,"minecraft:spruce_sapling":2,"werewolves:liver":1,"minecraft:stone_axe":65,"spartanweaponry:javelin_iron":5,"minecraft:cobblestone":3,"minecraft:potion":5,"minecraft:yellow_bed":2,"minecraft:sea_pickle":1}},"DataVersion":2586}