{"stats":{"minecraft:custom":{"minecraft:interact_with_furnace":37,"minecraft:mob_kills":41,"minecraft:interact_with_crafting_table":21,"minecraft:play_one_minute":58474,"minecraft:leave_game":1,"minecraft:time_since_death":13682,"minecraft:sleep_in_bed":1,"minecraft:climb_one_cm":268,"minecraft:time_since_rest":13713,"minecraft:sprint_one_cm":205437,"minecraft:damage_taken":2420,"minecraft:walk_one_cm":169964,"minecraft:damage_blocked_by_shield":600,"minecraft:drop":26,"minecraft:damage_dealt":4429,"minecraft:swim_one_cm":35401,"minecraft:fly_one_cm":173423,"minecraft:open_chest":6,"minecraft:crouch_one_cm":1077,"minecraft:deaths":5,"minecraft:sneak_time":556,"minecraft:walk_under_water_one_cm":6674,"minecraft:jump":1139,"minecraft:walk_on_water_one_cm":12591,"minecraft:fall_one_cm":33997},"minecraft:used":{"minecraft:cooked_mutton":6,"minecraft:stone_sword":81,"minecraft:stone_pickaxe":188,"minecraft:wooden_pickaxe":18,"minecraft:shield":18,"minecraft:iron_sword":38,"minecraft:torch":37,"minecraft:crafting_table":4,"minecraft:white_bed":4,"minecraft:iron_axe":10,"minecraft:bread":5,"minecraft:iron_pickaxe":54,"minecraft:gravel":1,"minecraft:stone_axe":33,"minecraft:cobblestone":46,"minecraft:furnace":4,"minecraft:cooked_porkchop":6,"minecraft:andesite":1},"minecraft:picked_up":{"minecraft:allium":2,"minecraft:crafting_table":3,"minecraft:iron_chestplate":1,"minecraft:salmon":2,"minecraft:andesite":9,"minecraft:oak_log":6,"minecraft:shield":1,"minecraft:string":12,"minecraft:bone":3,"minecraft:iron_ingot":41,"minecraft:iron_ore":31,"minecraft:light_gray_wool":1,"minecraft:oak_planks":28,"minecraft:furnace":4,"minecraft:cooked_porkchop":7,"minecraft:gravel":1,"minecraft:porkchop":17,"minecraft:white_bed":4,"minecraft:gold_ore":9,"minecraft:arrow":4,"minecraft:rotten_flesh":9,"minecraft:diamond":4,"minecraft:iron_helmet":1,"minecraft:granite":1,"minecraft:mutton":16,"minecraft:cod":5,"minecraft:coal":91,"minecraft:white_wool":7,"minecraft:rail":6,"minecraft:cobblestone":151},"minecraft:killed":{"minecraft:cave_spider":4,"minecraft:pig":8,"minecraft:salmon":2,"minecraft:spider":1,"minecraft:cod":5,"minecraft:sheep":11,"minecraft:skeleton":3,"minecraft:zombie":7},"minecraft:dropped":{"minecraft:stone_axe":1,"minecraft:rotten_flesh":9,"minecraft:iron_helmet":2,"minecraft:cobblestone":78,"minecraft:oak_planks":10,"minecraft:iron_boots":1,"minecraft:granite":1,"minecraft:rail":3,"minecraft:coal":11,"minecraft:shield":1,"minecraft:allium":2,"minecraft:iron_chestplate":1,"minecraft:andesite":8,"minecraft:iron_leggings":1,"minecraft:arrow":4,"minecraft:wooden_pickaxe":1,"minecraft:stone_pickaxe":2,"minecraft:white_wool":4,"minecraft:bone":3},"minecraft:crafted":{"minecraft:oak_planks":24,"minecraft:crafting_table":2,"minecraft:wooden_pickaxe":1,"minecraft:iron_helmet":2,"minecraft:iron_sword":1,"minecraft:furnace":1,"minecraft:stone_axe":1,"minecraft:cooked_mutton":6,"minecraft:iron_boots":2,"minecraft:iron_chestplate":2,"minecraft:shield":2,"minecraft:iron_axe":1,"minecraft:stick":32,"minecraft:iron_ingot":33,"minecraft:iron_pickaxe":1,"minecraft:stone_pickaxe":2,"minecraft:iron_block":1,"minecraft:stone_sword":1,"minecraft:iron_leggings":2,"minecraft:white_bed":1,"minecraft:torch":64},"minecraft:mined":{"minecraft:diamond_ore":4,"minecraft:white_bed":4,"minecraft:crafting_table":3,"minecraft:allium":1,"minecraft:cobblestone":11,"minecraft:oak_planks":30,"minecraft:spawner":2,"minecraft:furnace":2,"minecraft:iron_ore":30,"minecraft:andesite":9,"minecraft:grass":2,"minecraft:coal_ore":56,"minecraft:oak_log":6,"minecraft:gravel":1,"minecraft:dirt":1,"minecraft:cobweb":14,"minecraft:stone":135,"minecraft:gold_ore":9},"minecraft:killed_by":{"minecraft:cave_spider":1,"minecraft:creeper":1,"minecraft:zombie":1}},"DataVersion":2586}