{"stats":{"minecraft:custom":{"minecraft:interact_with_smithing_table":2,"lootr:looted_stat":15,"minecraft:mob_kills":36,"minecraft:interact_with_crafting_table":27,"minecraft:leave_game":7,"minecraft:time_since_death":31788,"minecraft:climb_one_cm":7639,"minecraft:damage_resisted":172,"minecraft:sprint_one_cm":155383,"minecraft:walk_one_cm":171106,"minecraft:damage_blocked_by_shield":295,"minecraft:drop":12,"minecraft:talked_to_villager":17,"minecraft:deaths":3,"minecraft:sneak_time":8204,"minecraft:walk_under_water_one_cm":3230,"minecraft:jump":1953,"minecraft:walk_on_water_one_cm":14987,"minecraft:interact_with_furnace":18,"minecraft:play_one_minute":75233,"minecraft:interact_with_stonecutter":1,"minecraft:sleep_in_bed":1,"minecraft:time_since_rest":6827,"minecraft:waystone_activated":1,"minecraft:damage_taken":2147483647,"minecraft:trigger_trapped_chest":2,"minecraft:damage_dealt":10223,"minecraft:swim_one_cm":64894,"minecraft:fly_one_cm":212324,"minecraft:open_chest":27,"tombstone:undead_killed":26,"minecraft:crouch_one_cm":18396,"minecraft:fall_one_cm":28194},"minecraft:mined":{"minecraft:diamond_ore":1,"scalinghealth:power_crystal_ore":1,"iceandfire:silver_ore":2,"minecraft:spruce_leaves":1,"duneons:stoneworld":30,"theabyss:tantra_dirt":3,"minecraft:spawner":2,"minecraft:large_fern":2,"minecraft:redstone_ore":2,"minecraft:iron_ore":31,"minecraft:andesite":1,"minecraft:vine":2,"iceandfire:gold_pile":5,"minecraft:light_gray_concrete":12,"minecraft:stripped_oak_log":1,"minecraft:stone":30,"minecraft:tripwire":1,"minecraft:gray_concrete":3,"minecraft:chiseled_quartz_block":3,"minecraft:torch":1,"minecraft:chest":1,"minecraft:cobblestone":6,"minecraft:lapis_ore":3,"minecraft:oak_planks":8,"minecraft:sugar_cane":1,"minecraft:birch_log":1,"minecraft:sweet_berry_bush":1,"minecraft:grass":3,"minecraft:oak_log":29,"theabyss:tantra_grass":1,"minecraft:smooth_quartz":3,"minecraft:sand":7,"minecraft:sandstone_wall":1,"minecraft:cracked_stone_bricks":1,"theabyss:loran_flower":1,"minecraft:stone_bricks":4,"minecraft:mossy_stone_bricks":6,"minecraft:gold_ore":3,"minecraft:oak_leaves":4,"werewolves:silver_ore":5,"minecraft:redstone_lamp":1},"minecraft:killed_by":{"duneons:illagergeomancer":1,"iceandfire:gorgon":2},"minecraft:dropped":{"minecraft:cobblestone":16,"minecraft:stick":1,"minecraft:redstone_lamp":1,"minecraft:stone_button":8,"minecraft:gold_nugget":1,"minecraft:iron_pickaxe":1,"minecraft:string":11,"theabyss:tantra_grass":1,"minecraft:yellow_wool":6,"minecraft:cooked_mutton":1,"iceandfire:bestiary":1,"minecraft:wooden_pickaxe":1},"minecraft:picked_up":{"minecraft:redstone_lamp":1,"minecraft:string":13,"minecraft:sea_pickle":1,"theabyss:tantra_grass":1,"minecraft:gold_nugget":49,"minecraft:beef":3,"minecraft:redstone_torch":1,"minecraft:iron_pickaxe":1,"minecraft:smooth_quartz":2,"werewolves:silver_ore":5,"minecraft:sugar_cane":3,"minecraft:chest":1,"minecraft:iron_boots":1,"theabyss:loran":1,"minecraft:stick":2,"minecraft:torch":1,"iceandfire:silver_ore":2,"minecraft:sandstone_wall":1,"minecraft:stone_button":8,"tombstone:grave_dust":3,"vampirism:vampire_fang":1,"minecraft:redstone":4,"minecraft:arrow":12,"minecraft:rotten_flesh":28,"minecraft:mutton":6,"minecraft:white_wool":2,"minecraft:cobblestone":85,"minecraft:stripped_oak_log":1,"minecraft:birch_log":1,"minecraft:andesite":1,"minecraft:leather":1,"minecraft:chiseled_quartz_block":3,"minecraft:oak_log":29,"scalinghealth:heart_crystal":1,"minecraft:gray_concrete":3,"minecraft:lapis_lazuli":21,"minecraft:bone":9,"minecraft:stone_bricks":9,"minecraft:kelp":2,"minecraft:wheat_seeds":2,"minecraft:iron_ingot":25,"minecraft:iron_ore":30,"scalinghealth:power_crystal_shard":1,"minecraft:mossy_stone_bricks":6,"theabyss:tantra_dirt":2,"minecraft:oak_planks":7,"minecraft:sand":7,"minecraft:gold_ore":3,"minecraft:spider_eye":2,"minecraft:light_gray_concrete":10,"minecraft:diamond":3,"minecraft:bread":128,"werewolves:cracked_bone":1,"tombstone:magic_scroll":1},"minecraft:killed":{"vampirism:vampire":6,"undead:sucker":1,"minecraft:spider":1,"undead:themermaid":2,"minecraft:skeleton":10,"undead:spitter":1,"minecraft:magma_cube":2,"minecraft:zombie":12,"minecraft:cow":1},"minecraft:crafted":{"minecraft:oak_planks":116,"minecraft:furnace":1,"minecraft:stone_button":8,"minecraft:stone":8,"minecraft:heavy_weighted_pressure_plate":1,"minecraft:glass_pane":16,"securitycraft:laser_block":1,"minecraft:glass":7,"minecraft:iron_boots":1,"minecraft:iron_axe":1,"minecraft:stone_pickaxe":1,"minecraft:chest":2,"minecraft:redstone_block":1,"spartanshields:shield_basic_wood":1,"minecraft:crafting_table":4,"minecraft:wooden_pickaxe":1,"werewolves:silver_ingot":1,"minecraft:birch_planks":4,"minecraft:stone_axe":1,"minecraft:air":0,"iceandfire:bestiary":1,"minecraft:iron_chestplate":1,"minecraft:stick":16,"minecraft:iron_pickaxe":1,"minecraft:stone_sword":1,"minecraft:iron_leggings":1,"minecraft:gold_ingot":5,"securitycraft:universal_block_reinforcer_lvl1":1},"minecraft:broken":{"minecraft:stone_axe":1},"minecraft:used":{"minecraft:stone_sword":19,"minecraft:chest":3,"theabyss:tantra_dirt":2,"minecraft:iron_sword":92,"minecraft:rotten_flesh":16,"scalinghealth:heart_crystal":1,"minecraft:iron_axe":42,"minecraft:beef":2,"minecraft:furnace":1,"tombstone:gift":3,"minecraft:stone_pickaxe":52,"minecraft:oak_planks":71,"minecraft:wooden_pickaxe":9,"minecraft:crafting_table":4,"minecraft:oak_log":23,"minecraft:bread":28,"minecraft:iron_pickaxe":102,"tombstone:magic_scroll":1,"minecraft:stone_axe":65,"spartanshields:shield_basic_wood":15,"minecraft:cobblestone":22,"minecraft:andesite":1,"minecraft:stripped_oak_log":1}},"DataVersion":2586}