{"stats":{"minecraft:dropped":{"minecraft:redstone_lamp":1,"minecraft:wooden_pickaxe":1},"minecraft:mined":{"minecraft:birch_log":1,"minecraft:chiseled_quartz_block":1,"minecraft:grass":1,"minecraft:oak_log":29,"minecraft:smooth_quartz":3,"minecraft:light_gray_concrete":12,"minecraft:stripped_oak_log":1,"minecraft:sandstone_wall":1,"minecraft:oak_planks":2,"minecraft:stone":5,"minecraft:sugar_cane":1,"duneons:stoneworld":12,"minecraft:oak_leaves":2,"minecraft:tripwire":1,"minecraft:redstone_lamp":1,"minecraft:spawner":2},"minecraft:picked_up":{"minecraft:stripped_oak_log":1,"minecraft:birch_log":1,"minecraft:stick":2,"minecraft:redstone_lamp":1,"minecraft:leather":1,"minecraft:chiseled_quartz_block":1,"minecraft:sandstone_wall":1,"minecraft:oak_log":29,"minecraft:string":1,"minecraft:light_gray_concrete":10,"minecraft:bone":4,"minecraft:arrow":7,"minecraft:beef":3,"minecraft:redstone_torch":1,"minecraft:smooth_quartz":2,"minecraft:sugar_cane":3,"minecraft:oak_planks":2,"minecraft:cobblestone":17},"minecraft:killed":{"minecraft:skeleton":6,"minecraft:magma_cube":2,"vampirism:vampire":1,"minecraft:cow":1},"minecraft:crafted":{"minecraft:oak_planks":116,"minecraft:crafting_table":2,"minecraft:stick":8,"minecraft:wooden_pickaxe":1,"minecraft:stone_pickaxe":1,"minecraft:stone_sword":1,"minecraft:birch_planks":4,"minecraft:stone_axe":1},"minecraft:used":{"minecraft:oak_log":23,"minecraft:stone_sword":19,"minecraft:stone_pickaxe":32,"minecraft:oak_planks":46,"minecraft:wooden_pickaxe":9,"minecraft:stone_axe":41,"minecraft:beef":2,"minecraft:crafting_table":1,"minecraft:stripped_oak_log":1},"minecraft:custom":{"minecraft:time_since_rest":5766,"lootr:looted_stat":3,"minecraft:sprint_one_cm":25328,"minecraft:damage_taken":161,"minecraft:walk_one_cm":27669,"minecraft:mob_kills":10,"minecraft:drop":2,"minecraft:damage_dealt":2217,"minecraft:interact_with_crafting_table":4,"minecraft:fly_one_cm":22469,"minecraft:crouch_one_cm":6647,"minecraft:play_one_minute":13764,"tombstone:undead_killed":6,"minecraft:deaths":1,"minecraft:sneak_time":3609,"minecraft:jump":192,"minecraft:leave_game":1,"minecraft:time_since_death":6276,"minecraft:climb_one_cm":7081,"minecraft:fall_one_cm":3156},"minecraft:killed_by":{"duneons:illagergeomancer":1}},"DataVersion":2586}