{"stats":{"minecraft:custom":{"minecraft:interact_with_smithing_table":2,"minecraft:interact_with_furnace":7,"lootr:looted_stat":15,"minecraft:mob_kills":32,"minecraft:interact_with_crafting_table":17,"minecraft:play_one_minute":63233,"minecraft:leave_game":7,"minecraft:interact_with_stonecutter":1,"minecraft:time_since_death":19788,"minecraft:climb_one_cm":7639,"minecraft:damage_resisted":172,"minecraft:time_since_rest":17496,"minecraft:waystone_activated":1,"minecraft:sprint_one_cm":140535,"minecraft:damage_taken":2147483647,"minecraft:walk_one_cm":136148,"minecraft:damage_blocked_by_shield":191,"minecraft:trigger_trapped_chest":2,"minecraft:drop":9,"minecraft:damage_dealt":8497,"minecraft:swim_one_cm":64894,"minecraft:talked_to_villager":17,"minecraft:fly_one_cm":186563,"minecraft:open_chest":18,"minecraft:crouch_one_cm":15848,"tombstone:undead_killed":22,"minecraft:deaths":3,"minecraft:sneak_time":7105,"minecraft:walk_under_water_one_cm":3230,"minecraft:jump":1370,"minecraft:walk_on_water_one_cm":14987,"minecraft:fall_one_cm":23960},"minecraft:mined":{"minecraft:diamond_ore":1,"scalinghealth:power_crystal_ore":1,"minecraft:gray_concrete":3,"iceandfire:silver_ore":2,"minecraft:chiseled_quartz_block":3,"minecraft:chest":1,"minecraft:cobblestone":1,"minecraft:lapis_ore":3,"minecraft:sugar_cane":1,"minecraft:oak_planks":7,"duneons:stoneworld":12,"minecraft:spawner":2,"minecraft:redstone_ore":2,"minecraft:birch_log":1,"minecraft:iron_ore":31,"minecraft:andesite":1,"iceandfire:gold_pile":5,"minecraft:grass":2,"minecraft:oak_log":29,"minecraft:vine":2,"minecraft:light_gray_concrete":12,"minecraft:smooth_quartz":3,"minecraft:stripped_oak_log":1,"minecraft:sandstone_wall":1,"minecraft:cracked_stone_bricks":1,"minecraft:stone_bricks":4,"minecraft:stone":30,"minecraft:mossy_stone_bricks":6,"minecraft:gold_ore":3,"minecraft:oak_leaves":4,"werewolves:silver_ore":5,"minecraft:tripwire":1,"minecraft:redstone_lamp":1},"minecraft:killed_by":{"iceandfire:gorgon":2,"duneons:illagergeomancer":1},"minecraft:dropped":{"minecraft:yellow_wool":6,"minecraft:cobblestone":16,"minecraft:cooked_mutton":1,"minecraft:stick":1,"minecraft:redstone_lamp":1,"iceandfire:bestiary":1,"minecraft:wooden_pickaxe":1,"minecraft:iron_pickaxe":1,"minecraft:string":11},"minecraft:picked_up":{"minecraft:stripped_oak_log":1,"minecraft:birch_log":1,"minecraft:andesite":1,"minecraft:redstone_lamp":1,"minecraft:leather":1,"minecraft:chiseled_quartz_block":3,"minecraft:oak_log":29,"scalinghealth:heart_crystal":1,"minecraft:gray_concrete":3,"minecraft:lapis_lazuli":21,"minecraft:string":13,"minecraft:bone":9,"minecraft:wheat_seeds":1,"minecraft:gold_nugget":48,"minecraft:iron_ingot":25,"minecraft:beef":3,"minecraft:iron_ore":30,"minecraft:redstone_torch":1,"scalinghealth:power_crystal_shard":1,"minecraft:smooth_quartz":2,"minecraft:iron_pickaxe":1,"minecraft:sugar_cane":3,"werewolves:silver_ore":5,"minecraft:chest":1,"minecraft:oak_planks":6,"minecraft:iron_boots":1,"minecraft:stick":2,"iceandfire:silver_ore":2,"minecraft:sandstone_wall":1,"tombstone:grave_dust":2,"vampirism:vampire_fang":1,"minecraft:redstone":4,"minecraft:gold_ore":3,"minecraft:spider_eye":2,"minecraft:light_gray_concrete":10,"minecraft:arrow":12,"minecraft:rotten_flesh":22,"minecraft:diamond":1,"minecraft:bread":128,"werewolves:cracked_bone":1,"tombstone:magic_scroll":1,"minecraft:mutton":6,"minecraft:white_wool":2,"minecraft:cobblestone":62},"minecraft:killed":{"minecraft:magma_cube":2,"vampirism:vampire":6,"undead:sucker":1,"minecraft:spider":1,"minecraft:skeleton":10,"minecraft:zombie":10,"undead:spitter":1,"minecraft:cow":1},"minecraft:crafted":{"spartanshields:shield_basic_wood":1,"minecraft:oak_planks":116,"minecraft:crafting_table":4,"minecraft:wooden_pickaxe":1,"minecraft:stone_button":8,"minecraft:furnace":1,"werewolves:silver_ingot":1,"minecraft:stone":8,"minecraft:heavy_weighted_pressure_plate":1,"minecraft:birch_planks":4,"minecraft:stone_axe":1,"minecraft:air":0,"iceandfire:bestiary":1,"minecraft:iron_boots":1,"minecraft:iron_chestplate":1,"minecraft:iron_axe":1,"minecraft:stick":12,"minecraft:iron_pickaxe":1,"minecraft:stone_pickaxe":1,"minecraft:gold_ingot":5,"minecraft:stone_sword":1,"minecraft:chest":2,"minecraft:iron_leggings":1},"minecraft:broken":{"minecraft:stone_axe":1},"minecraft:used":{"minecraft:stone_sword":19,"minecraft:stone_pickaxe":52,"minecraft:oak_planks":52,"minecraft:chest":3,"minecraft:wooden_pickaxe":9,"minecraft:iron_sword":62,"minecraft:rotten_flesh":16,"scalinghealth:heart_crystal":1,"minecraft:crafting_table":4,"minecraft:oak_log":23,"minecraft:bread":16,"minecraft:iron_axe":31,"minecraft:iron_pickaxe":79,"tombstone:magic_scroll":1,"minecraft:stone_axe":65,"spartanshields:shield_basic_wood":11,"minecraft:cobblestone":22,"minecraft:beef":2,"minecraft:furnace":1,"minecraft:andesite":1,"tombstone:gift":3,"minecraft:stripped_oak_log":1}},"DataVersion":2586}