{"stats":{"minecraft:dropped":{"spartanweaponry:warhammer_iron":1,"spartanweaponry:longsword_iron":1,"spartanweaponry:throwing_knife_iron":1,"tombstone:tablet_of_cupidity":1},"minecraft:mined":{"minecraft:white_bed":3,"minecraft:mossy_cobblestone":1,"minecraft:crafting_table":1,"minecraft:grass_block":1,"minecraft:tall_grass":4,"minecraft:redstone_torch":1,"minecraft:iron_ore":12,"minecraft:sweet_berry_bush":4,"minecraft:spruce_log":1,"minecraft:gold_block":3,"minecraft:grass":3,"minecraft:oak_log":1,"minecraft:coal_ore":6,"minecraft:vine":1,"minecraft:dirt":1,"theabyss:loran_flower":6,"minecraft:stone":31},"minecraft:picked_up":{"minecraft:crafting_table":2,"minecraft:gold_block":3,"minecraft:oak_log":1,"minecraft:dirt":3,"minecraft:string":3,"minecraft:bone":16,"spartanweaponry:stray_skull":2,"minecraft:wheat_seeds":1,"minecraft:iron_ingot":27,"minecraft:iron_ore":12,"minecraft:redstone_torch":2,"spartanweaponry:katana_iron":1,"theabyss:loran":6,"minecraft:tipped_arrow":1,"minecraft:stick":2,"spartanweaponry:scythe_iron":1,"minecraft:sweet_berries":7,"spartanweaponry:warhammer_iron":2,"minecraft:spruce_sapling":1,"tombstone:grave_dust":4,"minecraft:white_bed":3,"minecraft:spruce_log":4,"minecraft:mossy_cobblestone":3,"spartanweaponry:longsword_iron":2,"minecraft:arrow":8,"minecraft:golden_apple":7,"minecraft:bread":27,"iceandfire:gorgon_head":1,"iceandfire:chared_gravel":1,"minecraft:coal":6,"minecraft:skeleton_skull":1,"minecraft:cobblestone":32},"minecraft:killed":{"iceandfire:gorgon":1,"minecraft:skeleton":4,"minecraft:zombie":1,"minecraft:stray":2},"minecraft:used":{"spartanweaponry:katana_iron":1,"minecraft:dirt":2,"minecraft:crafting_table":1,"minecraft:white_bed":2,"minecraft:iron_axe":9,"minecraft:bread":17,"minecraft:iron_pickaxe":55,"tombstone:gift":2,"spartanweaponry:scythe_iron":44},"minecraft:crafted":{"minecraft:oak_planks":4,"minecraft:iron_chestplate":1,"minecraft:iron_axe":1,"minecraft:stick":8,"minecraft:iron_pickaxe":1,"minecraft:iron_leggings":1},"minecraft:custom":{"lootr:looted_stat":12,"minecraft:interact_with_furnace":1,"minecraft:mob_kills":10,"minecraft:interact_with_crafting_table":5,"minecraft:open_barrel":2,"minecraft:play_one_minute":33030,"minecraft:leave_game":1,"minecraft:time_since_death":18784,"minecraft:sleep_in_bed":2,"minecraft:climb_one_cm":176,"minecraft:time_since_rest":4616,"minecraft:sprint_one_cm":109963,"minecraft:damage_taken":2147483647,"minecraft:walk_one_cm":97279,"minecraft:trigger_trapped_chest":1,"tombstone:sneak_grave":1,"minecraft:drop":4,"minecraft:damage_dealt":3060,"minecraft:swim_one_cm":10263,"minecraft:fly_one_cm":177587,"minecraft:crouch_one_cm":7531,"tombstone:undead_killed":8,"minecraft:deaths":2,"minecraft:sneak_time":1414,"minecraft:walk_under_water_one_cm":1471,"minecraft:jump":788,"minecraft:walk_on_water_one_cm":3413,"minecraft:fall_one_cm":23702},"minecraft:killed_by":{"iceandfire:gorgon":1,"undead:themoonflower":1}},"DataVersion":2586}