{"stats":{"minecraft:custom":{"lootr:looted_stat":31,"minecraft:mob_kills":47,"minecraft:interact_with_crafting_table":20,"minecraft:open_barrel":2,"minecraft:damage_dealt_resisted":64,"minecraft:leave_game":1,"minecraft:time_since_death":99890,"minecraft:climb_one_cm":176,"minecraft:sprint_one_cm":272145,"minecraft:walk_one_cm":281619,"minecraft:drop":63,"minecraft:deaths":2,"minecraft:sneak_time":7046,"minecraft:walk_under_water_one_cm":92243,"minecraft:boat_one_cm":84652,"minecraft:jump":5171,"minecraft:walk_on_water_one_cm":69356,"minecraft:interact_with_furnace":6,"minecraft:play_one_minute":114136,"minecraft:sleep_in_bed":3,"minecraft:time_since_rest":45129,"minecraft:damage_taken":2147483647,"minecraft:damage_absorbed":240,"tombstone:sneak_grave":1,"minecraft:trigger_trapped_chest":1,"minecraft:damage_dealt":19478,"minecraft:swim_one_cm":151752,"minecraft:fly_one_cm":427903,"minecraft:crouch_one_cm":23540,"tombstone:undead_killed":20,"minecraft:fall_one_cm":57715},"minecraft:mined":{"minecraft:white_bed":5,"minecraft:mossy_cobblestone":1,"iceandfire:frozen_cobblestone":5,"minecraft:nether_bricks":1,"iceandfire:frozen_stone":9,"minecraft:grass_block":1,"minecraft:sandstone":3,"minecraft:spawner":2,"minecraft:light_blue_stained_glass":1,"minecraft:iron_ore":12,"minecraft:gold_block":5,"minecraft:vine":1,"minecraft:iron_bars":5,"minecraft:stone":43,"minecraft:kelp_plant":2,"iceandfire:dragon_ice_spikes":9,"minecraft:crafting_table":1,"tconstruct:greenheart_log":5,"minecraft:tall_grass":4,"minecraft:cobblestone":1,"minecraft:bricks":1,"minecraft:wall_torch":1,"minecraft:seagrass":1,"minecraft:ice":2,"minecraft:redstone_torch":1,"minecraft:sweet_berry_bush":4,"minecraft:spruce_log":2,"minecraft:grass":3,"tconstruct:earth_sky_slime_grass":1,"minecraft:coal_ore":6,"minecraft:oak_log":1,"minecraft:sand":18,"minecraft:dirt":1,"theabyss:loran_flower":61,"minecraft:netherrack":3},"minecraft:killed_by":{"iceandfire:gorgon":1,"undead:themoonflower":1},"minecraft:picked_up":{"minecraft:iron_chestplate":2,"minecraft:crafting_table":2,"theabyss:ruma_log":7,"minecraft:gold_block":3,"minecraft:diamond_horse_armor":1,"iceandfire:frozen_cobblestone":97,"minecraft:shield":1,"minecraft:string":3,"iceandfire:frozen_stone":19,"iceandfire:sea_serpent_scales_teal":20,"minecraft:red_nether_bricks":1,"minecraft:iron_leggings":1,"iceandfire:sea_serpent_scales_bronze":3,"spartanweaponry:stray_skull":2,"minecraft:cracked_stone_bricks":2,"minecraft:spruce_planks":16,"minecraft:beef":20,"minecraft:oak_boat":2,"minecraft:redstone_torch":4,"spartanweaponry:katana_iron":2,"minecraft:tipped_arrow":1,"theabyss:loran":59,"minecraft:stick":19,"iceandfire:armor_sapphire_chestplate":1,"minecraft:torch":2,"tombstone:grave_dust":8,"minecraft:rotten_flesh":5,"minecraft:polished_granite_stairs":2,"iceandfire:silver_ingot":12,"minecraft:arrow":12,"iceandfire:sea_serpent_scales_purple":4,"minecraft:nether_bricks":2,"iceandfire:armor_sapphire_boots":1,"minecraft:brick_stairs":2,"minecraft:iron_bars":7,"minecraft:skeleton_skull":1,"minecraft:cod":1,"minecraft:cobblestone":45,"minecraft:birch_log":5,"vampirism:vampire_blood_bottle":1,"minecraft:cooked_beef":40,"iceandfire:sea_serpent_fang":9,"tconstruct:greenheart_log":5,"iceandfire:armor_sapphire_leggings":1,"minecraft:granite_stairs":2,"minecraft:oak_log":1,"iceandfire:ectoplasm":4,"minecraft:dirt":3,"iceandfire:dragonbone_sword_ice":1,"minecraft:bone":35,"minecraft:kelp":2,"minecraft:wheat_seeds":1,"minecraft:iron_ingot":28,"minecraft:iron_ore":12,"spartanweaponry:scythe_iron":1,"minecraft:sweet_berries":7,"spartanweaponry:warhammer_iron":2,"vampirism:ring":1,"iceandfire:dragonscales_sapphire":20,"minecraft:sand":36,"minecraft:spruce_sapling":1,"minecraft:nether_brick_stairs":1,"minecraft:white_bed":5,"minecraft:spruce_log":4,"iceandfire:armor_sapphire_helmet":1,"minecraft:mossy_cobblestone":3,"spartanweaponry:longsword_iron":3,"minecraft:spruce_boat":1,"minecraft:golden_apple":7,"minecraft:bread":91,"iceandfire:gorgon_head":1,"iceandfire:chared_gravel":1,"iceandfire:silver_nugget":322,"minecraft:bricks":1,"minecraft:coal":6,"minecraft:ender_pearl":15},"minecraft:dropped":{"minecraft:enchanted_book":2,"iceandfire:dragonscales_sapphire":20,"minecraft:iron_sword":1,"minecraft:cooked_beef":9,"iceandfire:sea_serpent_scales_bronze":3,"iceandfire:ectoplasm":4,"minecraft:cracked_stone_bricks":1,"minecraft:stick":9,"minecraft:gold_block":3,"iceandfire:sea_serpent_scales_teal":20,"minecraft:dirt":1,"tconstruct:greenheart_planks":6,"iceandfire:sea_serpent_scales_purple":4,"minecraft:iron_leggings":2,"spartanweaponry:longsword_iron":2,"minecraft:sand":27,"vampirism:ring":4,"minecraft:string":3,"spartanweaponry:throwing_knife_iron":3,"iceandfire:frozen_cobblestone":97,"spartanweaponry:stray_skull":2,"iceandfire:silver_nugget":320,"minecraft:kelp":2,"spartanweaponry:warhammer_iron":2,"spartanweaponry:scythe_iron":1,"minecraft:rotten_flesh":2,"minecraft:iron_boots":1,"iceandfire:frozen_stone":18,"spartanweaponry:katana_iron":2,"iceandfire:sapphire_gem":2,"minecraft:tipped_arrow":1,"vampirism:vampire_blood_bottle":1,"minecraft:spruce_planks":16,"minecraft:skeleton_skull":1,"minecraft:iron_chestplate":1,"iceandfire:silver_ingot":24,"minecraft:iron_bars":4,"minecraft:beef":10,"iceandfire:sea_serpent_fang":7,"tombstone:tablet_of_cupidity":1},"minecraft:killed":{"vampirism:vampire":1,"vampirism:advanced_vampire":1,"iceandfire:gorgon":1,"minecraft:skeleton":6,"minecraft:drowned":1,"minecraft:sheep":1,"minecraft:zombie":7,"undead:thestone":1,"minecraft:stray":4,"minecraft:enderman":17,"iceandfire:sea_serpent":4,"werewolves:werewolf_survivalist":1},"minecraft:crafted":{"minecraft:oak_planks":4,"tconstruct:greenheart_planks":20,"minecraft:iron_axe":1,"minecraft:crafting_table":3,"minecraft:iron_sword":1,"minecraft:iron_chestplate":1,"minecraft:stick":12,"minecraft:iron_pickaxe":1,"minecraft:iron_leggings":1},"minecraft:used":{"minecraft:polished_granite_stairs":2,"minecraft:granite_stairs":2,"minecraft:iron_sword":60,"minecraft:torch":1,"minecraft:dirt":2,"minecraft:nether_bricks":1,"spartanweaponry:warhammer_iron":12,"minecraft:obsidian":5,"minecraft:spruce_boat":1,"minecraft:bricks":1,"minecraft:iron_axe":12,"minecraft:brick_stairs":2,"tombstone:gift":3,"minecraft:cooked_beef":22,"spartanweaponry:katana_iron":1,"iceandfire:dragonbone_sword_ice":216,"tconstruct:greenheart_log":5,"minecraft:cracked_stone_bricks":1,"minecraft:golden_apple":7,"minecraft:crafting_table":4,"minecraft:white_bed":4,"spartanweaponry:throwing_knife_iron":2,"minecraft:bread":56,"minecraft:iron_pickaxe":112,"minecraft:cobblestone":45,"minecraft:oak_boat":2,"spartanweaponry:scythe_iron":74}},"DataVersion":2586}