{"stats":{"minecraft:custom":{"minecraft:interact_with_furnace":5,"lootr:looted_stat":24,"minecraft:mob_kills":13,"minecraft:interact_with_crafting_table":13,"minecraft:open_barrel":2,"minecraft:play_one_minute":72136,"minecraft:leave_game":1,"minecraft:time_since_death":57890,"minecraft:sleep_in_bed":3,"minecraft:climb_one_cm":176,"minecraft:time_since_rest":3129,"minecraft:sprint_one_cm":157281,"minecraft:damage_absorbed":240,"minecraft:damage_taken":2147483647,"minecraft:walk_one_cm":161009,"minecraft:trigger_trapped_chest":1,"tombstone:sneak_grave":1,"minecraft:drop":21,"minecraft:damage_dealt":5420,"minecraft:swim_one_cm":112977,"minecraft:fly_one_cm":275187,"minecraft:crouch_one_cm":20071,"tombstone:undead_killed":9,"minecraft:deaths":2,"minecraft:sneak_time":6065,"minecraft:walk_under_water_one_cm":67803,"minecraft:boat_one_cm":66442,"minecraft:jump":2011,"minecraft:walk_on_water_one_cm":43581,"minecraft:fall_one_cm":35057},"minecraft:mined":{"minecraft:white_bed":3,"minecraft:mossy_cobblestone":1,"minecraft:kelp_plant":2,"iceandfire:frozen_cobblestone":5,"minecraft:crafting_table":1,"iceandfire:dragon_ice_spikes":9,"iceandfire:frozen_stone":9,"minecraft:grass_block":1,"tconstruct:greenheart_log":5,"minecraft:tall_grass":4,"minecraft:cobblestone":1,"minecraft:sandstone":3,"minecraft:light_blue_stained_glass":1,"minecraft:seagrass":1,"minecraft:iron_ore":12,"minecraft:redstone_torch":1,"minecraft:sweet_berry_bush":4,"minecraft:ice":2,"minecraft:spruce_log":1,"minecraft:gold_block":3,"minecraft:grass":3,"tconstruct:earth_sky_slime_grass":1,"minecraft:oak_log":1,"minecraft:coal_ore":6,"minecraft:vine":1,"minecraft:sand":18,"minecraft:dirt":1,"theabyss:loran_flower":61,"minecraft:stone":43},"minecraft:killed_by":{"iceandfire:gorgon":1,"undead:themoonflower":1},"minecraft:dropped":{"minecraft:cooked_beef":9,"spartanweaponry:warhammer_iron":2,"spartanweaponry:scythe_iron":1,"minecraft:iron_boots":1,"minecraft:stick":2,"spartanweaponry:katana_iron":1,"minecraft:dirt":1,"minecraft:tipped_arrow":1,"minecraft:skeleton_skull":1,"minecraft:iron_chestplate":1,"minecraft:iron_leggings":2,"spartanweaponry:longsword_iron":2,"minecraft:sand":12,"minecraft:string":3,"spartanweaponry:throwing_knife_iron":2,"spartanweaponry:stray_skull":2,"tombstone:tablet_of_cupidity":1},"minecraft:picked_up":{"minecraft:crafting_table":2,"minecraft:iron_chestplate":2,"minecraft:cooked_beef":40,"iceandfire:sea_serpent_fang":2,"tconstruct:greenheart_log":5,"iceandfire:armor_sapphire_leggings":1,"minecraft:gold_block":3,"iceandfire:frozen_cobblestone":3,"minecraft:oak_log":1,"minecraft:string":3,"minecraft:dirt":3,"iceandfire:frozen_stone":9,"iceandfire:sea_serpent_scales_teal":11,"minecraft:iron_leggings":1,"minecraft:bone":16,"iceandfire:sea_serpent_scales_bronze":3,"spartanweaponry:stray_skull":2,"minecraft:kelp":2,"minecraft:wheat_seeds":1,"minecraft:iron_ingot":27,"minecraft:iron_ore":12,"minecraft:redstone_torch":2,"spartanweaponry:katana_iron":2,"theabyss:loran":59,"minecraft:tipped_arrow":1,"spartanweaponry:scythe_iron":1,"minecraft:stick":2,"iceandfire:armor_sapphire_chestplate":1,"minecraft:sweet_berries":7,"spartanweaponry:warhammer_iron":2,"iceandfire:dragonscales_sapphire":20,"minecraft:sand":36,"minecraft:spruce_sapling":1,"tombstone:grave_dust":4,"minecraft:white_bed":3,"minecraft:spruce_log":4,"iceandfire:armor_sapphire_helmet":1,"minecraft:mossy_cobblestone":3,"spartanweaponry:longsword_iron":3,"iceandfire:sea_serpent_scales_purple":4,"minecraft:arrow":8,"minecraft:spruce_boat":1,"minecraft:golden_apple":7,"iceandfire:armor_sapphire_boots":1,"minecraft:bread":91,"iceandfire:gorgon_head":1,"minecraft:coal":6,"iceandfire:silver_nugget":66,"iceandfire:chared_gravel":1,"minecraft:cod":1,"minecraft:skeleton_skull":1,"minecraft:cobblestone":45},"minecraft:killed":{"vampirism:vampire":1,"iceandfire:gorgon":1,"minecraft:skeleton":4,"minecraft:zombie":1,"minecraft:stray":2,"minecraft:drowned":1,"iceandfire:sea_serpent":2},"minecraft:crafted":{"minecraft:oak_planks":4,"minecraft:crafting_table":3,"minecraft:iron_sword":1,"minecraft:iron_chestplate":1,"tconstruct:greenheart_planks":20,"minecraft:iron_axe":1,"minecraft:stick":12,"minecraft:iron_pickaxe":1,"minecraft:iron_leggings":1},"minecraft:used":{"spartanweaponry:katana_iron":1,"minecraft:iron_sword":51,"tconstruct:greenheart_log":5,"minecraft:golden_apple":7,"minecraft:dirt":2,"minecraft:crafting_table":4,"spartanweaponry:warhammer_iron":12,"minecraft:white_bed":3,"minecraft:spruce_boat":1,"minecraft:bread":32,"spartanweaponry:throwing_knife_iron":2,"minecraft:iron_pickaxe":98,"minecraft:iron_axe":11,"minecraft:cobblestone":13,"tombstone:gift":2,"minecraft:cooked_beef":22,"spartanweaponry:scythe_iron":74}},"DataVersion":2586}