{"stats":{"minecraft:custom":{"minecraft:interact_with_furnace":24,"lootr:looted_stat":11,"minecraft:mob_kills":24,"minecraft:interact_with_crafting_table":18,"minecraft:interact_with_cartography_table":1,"goblintraders:trade_with_goblin":14,"minecraft:play_one_minute":76229,"minecraft:damage_dealt_resisted":400,"minecraft:leave_game":4,"minecraft:time_since_death":16446,"minecraft:time_since_rest":16130,"minecraft:waystone_activated":1,"minecraft:sprint_one_cm":102813,"minecraft:damage_taken":3200,"minecraft:walk_one_cm":192422,"minecraft:damage_blocked_by_shield":722,"minecraft:drop":29,"minecraft:damage_dealt":8814,"minecraft:swim_one_cm":80329,"minecraft:fly_one_cm":112376,"minecraft:open_chest":5,"minecraft:crouch_one_cm":16816,"tombstone:undead_killed":18,"minecraft:deaths":1,"minecraft:sneak_time":6281,"minecraft:walk_under_water_one_cm":31979,"minecraft:jump":1130,"minecraft:walk_on_water_one_cm":15496,"minecraft:fall_one_cm":20459},"minecraft:mined":{"minecraft:smithing_table":1,"minecraft:diamond_ore":13,"iceandfire:silver_ore":29,"minecraft:crafting_table":2,"minecraft:torch":2,"minecraft:cobblestone":16,"minecraft:spruce_leaves":3,"minecraft:lapis_ore":6,"minecraft:diorite":3,"minecraft:wall_torch":3,"minecraft:furnace":4,"iceandfire:copper_ore":1,"minecraft:iron_ore":73,"minecraft:sweet_berry_bush":6,"minecraft:spruce_log":4,"minecraft:andesite":1,"minecraft:bookshelf":10,"duneons:swamplog":1,"iceandfire:gold_pile":10,"minecraft:coal_ore":47,"minecraft:stone":66,"minecraft:gold_ore":28,"werewolves:silver_ore":4,"scalinghealth:heart_crystal_ore":1},"minecraft:killed_by":{"minecraft:zombie":1},"minecraft:picked_up":{"vampirism:vampire_blood_bottle":1,"minecraft:crafting_table":3,"minecraft:cooked_beef":3,"minecraft:chainmail_boots":1,"duneons:swamplog":1,"iceandfire:copper_ore":4,"minecraft:andesite":1,"minecraft:salmon":18,"minecraft:leather_leggings":1,"minecraft:smithing_table":1,"minecraft:enchanted_book":1,"minecraft:flint":1,"minecraft:chainmail_chestplate":1,"minecraft:shield":1,"minecraft:lapis_lazuli":45,"minecraft:string":5,"minecraft:apple":2,"minecraft:gold_nugget":104,"minecraft:iron_ingot":18,"minecraft:iron_ore":70,"scalinghealth:power_crystal_shard":6,"werewolves:silver_ore":4,"minecraft:oak_planks":4,"minecraft:book":30,"minecraft:furnace":4,"scalinghealth:heart_crystal_shard":1,"minecraft:torch":6,"iceandfire:silver_ore":29,"theabyss:guide_book":1,"vampirism:vampire_fang":1,"minecraft:diorite":2,"minecraft:spruce_log":4,"vampirism:amulet":2,"minecraft:gold_ore":28,"artifacts:snorkel":1,"minecraft:arrow":1,"minecraft:rotten_flesh":4,"minecraft:diamond":13,"minecraft:iron_helmet":1,"undead:heavyteeth":2,"minecraft:bread":128,"minecraft:gold_ingot":1,"minecraft:baked_potato":4,"minecraft:coal":79,"minecraft:cobblestone":102},"minecraft:dropped":{"minecraft:enchanted_book":2,"minecraft:iron_sword":1,"minecraft:diamond":2,"minecraft:smithing_table":1,"minecraft:crafting_table":1,"minecraft:rotten_flesh":1,"minecraft:iron_boots":1,"minecraft:tropical_fish":5,"iceandfire:copper_ore":4,"vampirism:amulet":2,"minecraft:cod":4,"minecraft:chainmail_chestplate":1,"minecraft:flint":1,"minecraft:torch":2,"minecraft:diorite":1,"duneons:swamplog":1,"minecraft:map":1,"minecraft:chainmail_boots":1,"minecraft:leather_leggings":1,"minecraft:arrow":1,"minecraft:iron_pickaxe":1,"theabyss:guide_book":2},"minecraft:killed":{"vampirism:vampire":1,"minecraft:spider":6,"undead:theheavy":1,"minecraft:skeleton":7,"minecraft:zombie":10},"minecraft:crafted":{"spartanshields:shield_basic_wood":1,"sonicraft:gold_ring":1,"minecraft:diamond_sword":1,"minecraft:crafting_table":1,"minecraft:spruce_planks":16,"spartanshields:shield_basic_silver":1,"minecraft:iron_sword":1,"werewolves:silver_ingot":21,"minecraft:cooked_salmon":4,"minecraft:bucket":1,"minecraft:bone_meal":15,"minecraft:air":0,"minecraft:flint_and_steel":1,"minecraft:iron_boots":1,"minecraft:iron_chestplate":1,"minecraft:diamond_pickaxe":1,"minecraft:gold_nugget":9,"minecraft:iron_axe":1,"minecraft:stick":16,"minecraft:iron_ingot":28,"minecraft:iron_pickaxe":2,"minecraft:gold_ingot":36,"minecraft:iron_leggings":1,"minecraft:torch":4},"minecraft:broken":{"minecraft:iron_helmet":1},"minecraft:used":{"minecraft:water_bucket":2,"minecraft:diorite":1,"minecraft:baked_potato":4,"minecraft:shield":27,"minecraft:iron_sword":133,"minecraft:cooked_salmon":4,"minecraft:gold_ore":1,"minecraft:rotten_flesh":5,"minecraft:torch":7,"iceandfire:silver_ore":4,"minecraft:crafting_table":2,"minecraft:diamond_pickaxe":134,"minecraft:apple":2,"minecraft:bread":16,"minecraft:iron_axe":19,"minecraft:iron_pickaxe":174,"minecraft:diamond_sword":104,"minecraft:cobblestone":87,"minecraft:furnace":4,"minecraft:bucket":3,"minecraft:cooked_beef":3}},"DataVersion":2586}