{"stats":{"minecraft:custom":{"lootr:looted_stat":11,"minecraft:mob_kills":59,"minecraft:interact_with_crafting_table":23,"goblintraders:trade_with_goblin":14,"minecraft:damage_dealt_resisted":400,"minecraft:leave_game":4,"minecraft:time_since_death":46446,"minecraft:climb_one_cm":203,"minecraft:sprint_one_cm":152244,"minecraft:walk_one_cm":280763,"minecraft:damage_blocked_by_shield":722,"minecraft:drop":46,"minecraft:deaths":1,"minecraft:sneak_time":6609,"minecraft:walk_under_water_one_cm":32149,"minecraft:jump":1841,"minecraft:walk_on_water_one_cm":19014,"minecraft:interact_with_furnace":26,"tombstone:raider_killed":3,"minecraft:interact_with_cartography_table":1,"minecraft:play_one_minute":106229,"minecraft:sleep_in_bed":2,"minecraft:time_since_rest":22376,"minecraft:waystone_activated":1,"minecraft:damage_taken":5038,"minecraft:damage_dealt":20265,"minecraft:swim_one_cm":84799,"minecraft:fly_one_cm":219959,"minecraft:open_chest":26,"minecraft:crouch_one_cm":18038,"tombstone:undead_killed":24,"minecraft:fall_one_cm":32691},"minecraft:mined":{"minecraft:diamond_ore":13,"iceandfire:silver_ore":32,"minecraft:spruce_leaves":3,"minecraft:oxeye_daisy":1,"theabyss:vealus_meramus":1,"minecraft:large_fern":3,"minecraft:furnace":4,"iceandfire:copper_ore":1,"minecraft:iron_ore":88,"minecraft:andesite":1,"minecraft:gold_block":5,"duneons:swamplog":1,"minecraft:bookshelf":13,"iceandfire:gold_pile":10,"minecraft:stone":68,"scalinghealth:heart_crystal_ore":1,"tconstruct:copper_ore":11,"minecraft:smithing_table":1,"duneons:bookshelfvangard":2,"minecraft:cornflower":1,"minecraft:crafting_table":2,"minecraft:torch":4,"theabyss:bog_log_fungi":1,"theabyss:blue_shroomlight":1,"duneons:brikercolon":1,"minecraft:tall_grass":2,"minecraft:cobblestone":16,"minecraft:lapis_ore":9,"minecraft:diorite":3,"minecraft:wall_torch":7,"minecraft:sweet_berry_bush":6,"minecraft:spruce_log":4,"minecraft:stone_brick_stairs":1,"minecraft:grass":10,"minecraft:coal_ore":50,"minecraft:sunflower":10,"minecraft:gold_ore":37,"werewolves:silver_ore":4,"minecraft:fern":1},"minecraft:killed_by":{"minecraft:zombie":1},"minecraft:picked_up":{"minecraft:crafting_table":3,"minecraft:chainmail_boots":1,"iceandfire:copper_ore":4,"duneons:swamplog":1,"minecraft:leather_leggings":1,"minecraft:smithing_table":1,"minecraft:gold_block":5,"minecraft:enchanted_book":2,"minecraft:stone_brick_stairs":2,"minecraft:shield":1,"minecraft:string":7,"minecraft:sea_pickle":2,"minecraft:gold_nugget":105,"minecraft:beef":2,"werewolves:silver_ore":4,"minecraft:furnace":4,"minecraft:torch":14,"iceandfire:silver_ore":32,"theabyss:guide_book":1,"minecraft:diorite":2,"vampirism:vampire_fang":1,"vampirism:amulet":2,"artifacts:snorkel":1,"minecraft:arrow":1,"minecraft:rotten_flesh":12,"undead:heavyteeth":2,"minecraft:gold_ingot":1,"minecraft:mutton":1,"minecraft:cobblestone":104,"theabyss:blue_shroomlight":2,"vampirism:vampire_blood_bottle":1,"minecraft:cooked_beef":3,"minecraft:salmon":18,"minecraft:andesite":1,"minecraft:leather":2,"minecraft:potato":1,"undead:stuffedflesh":4,"minecraft:flint":1,"minecraft:chainmail_chestplate":1,"scalinghealth:heart_crystal":1,"minecraft:lapis_lazuli":63,"minecraft:bone":1,"minecraft:apple":2,"minecraft:kelp":2,"minecraft:iron_ingot":18,"minecraft:iron_ore":84,"scalinghealth:power_crystal_shard":6,"minecraft:oak_planks":4,"minecraft:book":39,"scalinghealth:heart_crystal_shard":1,"tconstruct:copper_ore":11,"minecraft:stone_brick_slab":2,"minecraft:spruce_log":4,"duneons:poleaxe":2,"minecraft:gold_ore":37,"minecraft:pumpkin_seeds":1,"minecraft:slime_ball":1,"minecraft:diamond":15,"minecraft:iron_helmet":1,"minecraft:emerald":4,"minecraft:bread":128,"werewolves:cracked_bone":1,"minecraft:baked_potato":4,"minecraft:coal":82},"minecraft:dropped":{"minecraft:enchanted_book":3,"minecraft:iron_sword":1,"minecraft:diamond":4,"minecraft:smithing_table":1,"minecraft:crafting_table":1,"minecraft:tropical_fish":5,"vampirism:amulet":2,"minecraft:stick":7,"minecraft:cod":4,"minecraft:flint":1,"duneons:poleaxe":1,"minecraft:diorite":1,"minecraft:torch":2,"minecraft:map":1,"minecraft:gold_nugget":1,"minecraft:iron_pickaxe":1,"minecraft:string":5,"minecraft:stone_brick_slab":1,"minecraft:rotten_flesh":9,"minecraft:iron_boots":1,"iceandfire:copper_ore":4,"minecraft:chainmail_chestplate":1,"duneons:swamplog":1,"minecraft:chainmail_boots":1,"minecraft:leather_leggings":1,"minecraft:arrow":1,"minecraft:beef":2,"theabyss:blue_shroomlight":2,"theabyss:guide_book":2},"minecraft:crafted":{"spartanshields:shield_basic_silver":1,"minecraft:bone_meal":15,"minecraft:flint_and_steel":1,"minecraft:iron_boots":1,"minecraft:iron_axe":1,"sonicraft:mobius":1,"spartanshields:shield_basic_wood":1,"sonicraft:gold_ring":1,"minecraft:diamond_sword":1,"minecraft:crafting_table":1,"minecraft:spruce_planks":16,"minecraft:iron_helmet":1,"minecraft:iron_sword":1,"werewolves:silver_ingot":21,"minecraft:cooked_salmon":4,"minecraft:gold_block":5,"minecraft:bucket":1,"minecraft:air":0,"minecraft:iron_chestplate":2,"minecraft:diamond_pickaxe":1,"minecraft:gold_nugget":9,"minecraft:stick":16,"minecraft:iron_ingot":85,"minecraft:iron_pickaxe":2,"minecraft:iron_leggings":2,"minecraft:gold_ingot":48,"minecraft:torch":4,"duneons:diamondpickaxedungeon":1},"minecraft:killed":{"vampirism:vampire":1,"minecraft:vindicator":2,"minecraft:spider":6,"duneons:vindicatorvariant":4,"undead:themermaid":1,"undead:theheavy":1,"minecraft:skeleton":8,"duneons:blue_pillagerarmorer":9,"minecraft:sheep":1,"minecraft:pillager":1,"duneons:vindicatorroyaleblue":5,"minecraft:zombie":14,"minecraft:cow":2},"minecraft:broken":{"minecraft:iron_helmet":1},"minecraft:used":{"minecraft:shield":27,"minecraft:iron_sword":133,"minecraft:cooked_salmon":4,"minecraft:rotten_flesh":5,"minecraft:torch":15,"iceandfire:silver_ore":4,"scalinghealth:heart_crystal":1,"minecraft:iron_axe":24,"minecraft:furnace":4,"minecraft:gold_block":5,"minecraft:cooked_beef":3,"minecraft:water_bucket":3,"minecraft:diorite":1,"minecraft:baked_potato":4,"minecraft:gold_ore":1,"minecraft:crafting_table":2,"duneons:diamondpickaxedungeon":58,"minecraft:diamond_pickaxe":134,"minecraft:apple":2,"minecraft:bread":32,"minecraft:iron_pickaxe":178,"minecraft:diamond_sword":306,"minecraft:cobblestone":92,"minecraft:cooked_porkchop":4,"minecraft:bucket":4}},"DataVersion":2586}