{"stats":{"minecraft:custom":{"lootr:looted_stat":11,"minecraft:mob_kills":31,"minecraft:interact_with_crafting_table":22,"goblintraders:trade_with_goblin":14,"minecraft:damage_dealt_resisted":400,"minecraft:leave_game":4,"minecraft:time_since_death":28446,"minecraft:climb_one_cm":203,"minecraft:sprint_one_cm":116426,"minecraft:walk_one_cm":220314,"minecraft:damage_blocked_by_shield":722,"minecraft:drop":39,"minecraft:deaths":1,"minecraft:sneak_time":6422,"minecraft:walk_under_water_one_cm":31979,"minecraft:jump":1304,"minecraft:walk_on_water_one_cm":15852,"minecraft:interact_with_furnace":24,"minecraft:interact_with_cartography_table":1,"minecraft:play_one_minute":88229,"minecraft:sleep_in_bed":2,"minecraft:time_since_rest":4376,"minecraft:waystone_activated":1,"minecraft:damage_taken":4069,"minecraft:damage_dealt":10567,"minecraft:swim_one_cm":80329,"minecraft:fly_one_cm":135451,"minecraft:open_chest":16,"minecraft:crouch_one_cm":17139,"tombstone:undead_killed":22,"minecraft:fall_one_cm":24590},"minecraft:mined":{"minecraft:diamond_ore":13,"iceandfire:silver_ore":29,"minecraft:spruce_leaves":3,"theabyss:vealus_meramus":1,"minecraft:large_fern":3,"minecraft:furnace":4,"iceandfire:copper_ore":1,"minecraft:iron_ore":73,"minecraft:andesite":1,"minecraft:gold_block":5,"duneons:swamplog":1,"minecraft:bookshelf":10,"iceandfire:gold_pile":10,"minecraft:stone":66,"scalinghealth:heart_crystal_ore":1,"minecraft:smithing_table":1,"minecraft:crafting_table":2,"minecraft:torch":2,"theabyss:bog_log_fungi":1,"theabyss:blue_shroomlight":1,"minecraft:cobblestone":16,"minecraft:lapis_ore":6,"minecraft:diorite":3,"minecraft:wall_torch":3,"minecraft:sweet_berry_bush":6,"minecraft:spruce_log":4,"minecraft:coal_ore":47,"minecraft:gold_ore":28,"werewolves:silver_ore":4,"minecraft:fern":1},"minecraft:killed_by":{"minecraft:zombie":1},"minecraft:picked_up":{"minecraft:crafting_table":3,"minecraft:chainmail_boots":1,"iceandfire:copper_ore":4,"duneons:swamplog":1,"minecraft:leather_leggings":1,"minecraft:smithing_table":1,"minecraft:gold_block":5,"minecraft:enchanted_book":1,"minecraft:shield":1,"minecraft:string":7,"minecraft:sea_pickle":1,"minecraft:gold_nugget":105,"werewolves:silver_ore":4,"minecraft:furnace":4,"minecraft:torch":6,"iceandfire:silver_ore":29,"theabyss:guide_book":1,"minecraft:diorite":2,"vampirism:vampire_fang":1,"vampirism:amulet":2,"artifacts:snorkel":1,"minecraft:arrow":1,"minecraft:rotten_flesh":10,"undead:heavyteeth":2,"minecraft:gold_ingot":1,"minecraft:cobblestone":102,"theabyss:blue_shroomlight":2,"vampirism:vampire_blood_bottle":1,"minecraft:cooked_beef":3,"minecraft:salmon":18,"minecraft:andesite":1,"minecraft:potato":1,"undead:stuffedflesh":4,"minecraft:flint":1,"minecraft:chainmail_chestplate":1,"minecraft:lapis_lazuli":45,"minecraft:bone":1,"minecraft:apple":2,"minecraft:kelp":2,"minecraft:iron_ingot":18,"minecraft:iron_ore":70,"scalinghealth:power_crystal_shard":6,"minecraft:oak_planks":4,"minecraft:book":30,"scalinghealth:heart_crystal_shard":1,"minecraft:spruce_log":4,"minecraft:gold_ore":28,"minecraft:pumpkin_seeds":1,"minecraft:slime_ball":1,"minecraft:diamond":13,"minecraft:iron_helmet":1,"minecraft:bread":128,"werewolves:cracked_bone":1,"minecraft:baked_potato":4,"minecraft:coal":79},"minecraft:dropped":{"minecraft:enchanted_book":2,"minecraft:iron_sword":1,"minecraft:diamond":4,"minecraft:smithing_table":1,"minecraft:crafting_table":1,"minecraft:tropical_fish":5,"vampirism:amulet":2,"minecraft:cod":4,"minecraft:flint":1,"minecraft:diorite":1,"minecraft:torch":2,"minecraft:map":1,"minecraft:gold_nugget":1,"minecraft:iron_pickaxe":1,"minecraft:string":5,"minecraft:rotten_flesh":1,"minecraft:iron_boots":1,"iceandfire:copper_ore":4,"minecraft:chainmail_chestplate":1,"duneons:swamplog":1,"minecraft:chainmail_boots":1,"minecraft:leather_leggings":1,"minecraft:arrow":1,"theabyss:blue_shroomlight":2,"theabyss:guide_book":2},"minecraft:crafted":{"spartanshields:shield_basic_silver":1,"minecraft:bone_meal":15,"minecraft:flint_and_steel":1,"minecraft:iron_boots":1,"minecraft:iron_axe":1,"sonicraft:mobius":1,"spartanshields:shield_basic_wood":1,"sonicraft:gold_ring":1,"minecraft:diamond_sword":1,"minecraft:crafting_table":1,"minecraft:spruce_planks":16,"minecraft:iron_helmet":1,"minecraft:iron_sword":1,"werewolves:silver_ingot":21,"minecraft:cooked_salmon":4,"minecraft:gold_block":5,"minecraft:bucket":1,"minecraft:air":0,"minecraft:iron_chestplate":1,"minecraft:diamond_pickaxe":1,"minecraft:gold_nugget":9,"minecraft:stick":16,"minecraft:iron_ingot":28,"minecraft:iron_pickaxe":2,"minecraft:iron_leggings":1,"minecraft:gold_ingot":48,"minecraft:torch":4,"duneons:diamondpickaxedungeon":1},"minecraft:killed":{"vampirism:vampire":1,"minecraft:spider":6,"undead:themermaid":1,"undead:theheavy":1,"minecraft:skeleton":8,"minecraft:zombie":12},"minecraft:broken":{"minecraft:iron_helmet":1},"minecraft:used":{"minecraft:shield":27,"minecraft:iron_sword":133,"minecraft:cooked_salmon":4,"minecraft:rotten_flesh":5,"minecraft:torch":7,"iceandfire:silver_ore":4,"minecraft:iron_axe":19,"minecraft:furnace":4,"minecraft:gold_block":5,"minecraft:cooked_beef":3,"minecraft:water_bucket":3,"minecraft:diorite":1,"minecraft:baked_potato":4,"minecraft:gold_ore":1,"minecraft:crafting_table":2,"duneons:diamondpickaxedungeon":8,"minecraft:diamond_pickaxe":134,"minecraft:apple":2,"minecraft:bread":26,"minecraft:iron_pickaxe":174,"minecraft:diamond_sword":136,"minecraft:cobblestone":87,"minecraft:bucket":4}},"DataVersion":2586}