{"stats":{"minecraft:dropped":{"minecraft:crafting_table":1},"minecraft:mined":{"minecraft:smithing_table":1,"minecraft:diamond_ore":2,"minecraft:furnace":1,"iceandfire:silver_ore":24,"minecraft:iron_ore":38,"minecraft:andesite":1,"minecraft:crafting_table":2,"minecraft:coal_ore":14,"minecraft:cobblestone":13,"minecraft:lapis_ore":2,"minecraft:stone":42,"minecraft:gold_ore":11,"minecraft:diorite":2,"werewolves:silver_ore":4,"scalinghealth:heart_crystal_ore":1},"minecraft:picked_up":{"minecraft:crafting_table":3,"scalinghealth:heart_crystal_shard":1,"minecraft:andesite":1,"minecraft:smithing_table":1,"iceandfire:silver_ore":24,"minecraft:diorite":1,"minecraft:shield":1,"minecraft:gold_ore":11,"minecraft:lapis_lazuli":18,"artifacts:snorkel":1,"minecraft:rotten_flesh":3,"minecraft:apple":2,"minecraft:diamond":2,"minecraft:iron_ingot":18,"minecraft:iron_ore":36,"undead:heavyteeth":2,"scalinghealth:power_crystal_shard":5,"minecraft:gold_ingot":1,"minecraft:baked_potato":4,"minecraft:coal":14,"werewolves:silver_ore":4,"minecraft:oak_planks":4,"minecraft:cobblestone":75,"minecraft:furnace":1},"minecraft:killed":{"undead:theheavy":1,"minecraft:zombie":7},"minecraft:used":{"minecraft:diorite":1,"minecraft:apple":2,"minecraft:iron_axe":3,"minecraft:baked_potato":4,"minecraft:iron_pickaxe":157,"minecraft:shield":12,"minecraft:iron_sword":132,"minecraft:rotten_flesh":1,"iceandfire:silver_ore":4,"minecraft:cobblestone":55,"minecraft:crafting_table":2},"minecraft:crafted":{"sonicraft:gold_ring":1,"minecraft:iron_chestplate":1,"minecraft:gold_nugget":9,"minecraft:iron_axe":1,"minecraft:stick":8,"minecraft:iron_ingot":28,"minecraft:iron_pickaxe":2,"minecraft:iron_sword":1,"minecraft:iron_leggings":1,"minecraft:bucket":1,"minecraft:air":0},"minecraft:custom":{"minecraft:time_since_rest":28497,"lootr:looted_stat":5,"minecraft:sprint_one_cm":7334,"minecraft:damage_taken":1009,"minecraft:walk_one_cm":91192,"minecraft:damage_blocked_by_shield":398,"minecraft:mob_kills":7,"minecraft:drop":1,"minecraft:damage_dealt":3947,"minecraft:swim_one_cm":11038,"minecraft:interact_with_crafting_table":5,"minecraft:fly_one_cm":11393,"goblintraders:trade_with_goblin":14,"minecraft:play_one_minute":28497,"minecraft:crouch_one_cm":9096,"tombstone:undead_killed":8,"minecraft:sneak_time":3807,"minecraft:walk_under_water_one_cm":11566,"minecraft:damage_dealt_resisted":283,"minecraft:jump":331,"minecraft:walk_on_water_one_cm":3201,"minecraft:time_since_death":28497,"minecraft:fall_one_cm":4939}},"DataVersion":2586}